7.54858e-09,7.54858e-09,7.71028e-09,7.86311e-09,7.95904e-09,7.96677e-09,7.86893e-09,7.65971e-09,7.34107e-09,6.92146e-09,6.41265e-09,5.82949e-09,5.18736e-09,4.50253e-09,3.79017e-09,3.06501e-09,2.33991e-09,1.62656e-09,9.34563e-10,2.72033e-10,-3.54797e-10,-9.41295e-10,-1.48426e-09,-1.98206e-09,-2.43393e-09,-2.84062e-09,-3.20311e-09,-3.52387e-09,-3.80495e-09,-4.04998e-09,-4.26151e-09,-4.44382e-09,-4.59949e-09,-4.73314e-09,-4.84702e-09,-4.94583e-09,-5.0313e-09,-5.10803e-09,-5.17709e-09,-5.24293e-09,-5.30588e-09,-5.3702e-09,-5.43548e-09,-5.50575e-09,-5.5799e-09,-5.66168e-09,-5.74932e-09,-5.84626e-09,-5.9501e-09,-6.0639e-09,-6.18464e-09,-6.31488e-09,-6.45104e-09,-6.59499e-09,-6.7426e-09,-6.89488e-09,-7.04711e-09,-7.19927e-09,-7.34598e-09,-7.48604e-09,-7.61334e-09,-7.72536e-09,-7.81519e-09,-7.87893e-09,-7.90888e-09,-7.89978e-09,-7.8432e-09,-7.73271e-09,-7.5594e-09,-7.31601e-09,-6.99361e-09,-6.58469e-09,-6.08102e-09,-5.47576e-09,-4.76234e-09,-3.93578e-09,-2.9925e-09,-1.93083e-09,-7.51704e-10,5.41605e-10,1.94199e-09,3.43962e-09,5.01974e-09,6.66462e-09,8.35093e-09,1.00525e-08,1.17376e-08,1.33724e-08,1.49187e-08,1.63384e-08,1.75915e-08,1.8642e-08,1.94573e-08,2.00153e-08,2.03056e-08,2.03389e-08,2.01511e-08,1.98138e-08,1.94386e-08,1.94386e-08
7.54858e-09,7.5716e-09,7.73379e-09,7.88715e-09,7.98348e-09,7.99143e-09,7.89354e-09,7.68399e-09,7.36473e-09,6.94421e-09,6.43425e-09,5.84971e-09,5.20601e-09,4.51946e-09,3.80524e-09,3.07815e-09,2.35106e-09,1.6357e-09,9.41692e-10,2.77184e-10,-3.51574e-10,-9.39933e-10,-1.48467e-09,-1.98417e-09,-2.43762e-09,-2.8458e-09,-3.20966e-09,-3.53169e-09,-3.81393e-09,-4.06003e-09,-4.27251e-09,-4.4557e-09,-4.61215e-09,-4.74651e-09,-4.86103e-09,-4.96042e-09,-5.04641e-09,-5.12361e-09,-5.19311e-09,-5.25936e-09,-5.3227e-09,-5.38739e-09,-5.45302e-09,-5.52364e-09,-5.59813e-09,-5.68027e-09,-5.76825e-09,-5.86556e-09,-5.96976e-09,-6.08392e-09,-6.20503e-09,-6.33565e-09,-6.47217e-09,-6.61649e-09,-6.76444e-09,-6.91706e-09,-7.06958e-09,-7.22199e-09,-7.3689e-09,-7.5091e-09,-7.63645e-09,-7.74842e-09,-7.83809e-09,-7.90155e-09,-7.93105e-09,-7.92134e-09,-7.86396e-09,-7.75246e-09,-7.57791e-09,-7.33303e-09,-7.00888e-09,-6.59794e-09,-6.09196e-09,-5.48409e-09,-4.76776e-09,-3.93799e-09,-2.9912e-09,-1.92573e-09,-7.42548e-10,5.55065e-10,1.95997e-09,3.46227e-09,5.04719e-09,6.69694e-09,8.38809e-09,1.00945e-08,1.17841e-08,1.34233e-08,1.49736e-08,1.63969e-08,1.76531e-08,1.87061e-08,1.95232e-08,2.00822e-08,2.03729e-08,2.04059e-08,2.02173e-08,1.98788e-08,1.95025e-08,1.94386e-08
7.38997e-09,7.4125e-09,7.57969e-09,7.71291e-09,7.78355e-09,7.76998e-09,7.66043e-09,7.44974e-09,7.14055e-09,6.73882e-09,6.25564e-09,5.70262e-09,5.09437e-09,4.44418e-09,3.76673e-09,3.07448e-09,2.38012e-09,1.69385e-09,1.02535e-09,3.82043e-10,-2.29756e-10,-8.05315e-10,-1.34153e-09,-1.83597e-09,-2.2883e-09,-2.69782e-09,-3.06646e-09,-3.39459e-09,-3.68586e-09,-3.94113e-09,-4.16534e-09,-4.35929e-09,-4.52883e-09,-4.6743e-09,-4.80222e-09,-4.91214e-09,-5.01106e-09,-5.09756e-09,-5.179e-09,-5.25285e-09,-5.3268e-09,-5.39715e-09,-5.47184e-09,-5.54602e-09,-5.62784e-09,-5.71134e-09,-5.80474e-09,-5.90114e-09,-6.00862e-09,-6.1195e-09,-6.2415e-09,-6.36629e-09,-6.50097e-09,-6.63673e-09,-6.77972e-09,-6.92081e-09,-7.06491e-09,-7.2026e-09,-7.33733e-09,-7.45945e-09,-7.57073e-09,-7.66129e-09,-7.73112e-09,-7.77013e-09,-7.77654e-09,-7.7401e-09,-7.65738e-09,-7.51817e-09,-7.3177e-09,-7.0461e-09,-6.69781e-09,-6.26385e-09,-5.7386e-09,-5.1148e-09,-4.38777e-09,-3.55303e-09,-2.60811e-09,-1.55258e-09,-3.87601e-10,8.81791e-10,2.24934e-09,3.70324e-09,5.23086e-09,6.81269e-09,8.42903e-09,1.00525e-08,1.16566e-08,1.32073e-08,1.46734e-08,1.60174e-08,1.72077e-08,1.82098e-08,1.89989e-08,1.95534e-08,1.98674e-08,1.99457e-08,1.98154e-08,1.95226e-08,1.91343e-08,1.90716e-08
7.23489e-09,7.2569e-09,7.45836e-09,7.59937e-09,7.6647e-09,7.64298e-09,7.52626e-09,7.31401e-09,7.00788e-09,6.61604e-09,6.14656e-09,5.61242e-09,5.02469e-09,4.39777e-09,3.74312e-09,3.07419e-09,2.40113e-09,1.73498e-09,1.0838e-09,4.55492e-10,-1.44173e-10,-7.10583e-10,-1.24004e-09,-1.73102e-09,-2.18144e-09,-2.59246e-09,-2.96305e-09,-3.29662e-09,-3.59255e-09,-3.85612e-09,-4.08657e-09,-4.29066e-09,-4.467e-09,-4.62359e-09,-4.75804e-09,-4.8794e-09,-4.98394e-09,-5.0817e-09,-5.16741e-09,-5.25203e-09,-5.32861e-09,-5.40897e-09,-5.4845e-09,-5.56774e-09,-5.64853e-09,-5.73995e-09,-5.83043e-09,-5.93339e-09,-6.03607e-09,-6.15186e-09,-6.26716e-09,-6.39489e-09,-6.52095e-09,-6.65733e-09,-6.78972e-09,-6.92876e-09,-7.06018e-09,-7.19289e-09,-7.3128e-09,-7.42681e-09,-7.52116e-09,-7.6005e-09,-7.65145e-09,-7.6764e-09,-7.66242e-09,-7.60969e-09,-7.50586e-09,-7.34918e-09,-7.1281e-09,-6.83939e-09,-6.4727e-09,-6.02399e-09,-5.48476e-09,-4.851e-09,-4.11693e-09,-3.27971e-09,-2.33731e-09,-1.28935e-09,-1.38786e-10,1.111e-09,2.45084e-09,3.87233e-09,5.35915e-09,6.89702e-09,8.46205e-09,1.00339e-08,1.15818e-08,1.30805e-08,1.44943e-08,1.57957e-08,1.69487e-08,1.79283e-08,1.87051e-08,1.92638e-08,1.95905e-08,1.96889e-08,1.95695e-08,1.92599e-08,1.87911e-08,1.87295e-08
7.12836e-09,7.14995e-09,7.39764e-09,7.55959e-09,7.63157e-09,7.60745e-09,7.48662e-09,7.2689e-09,6.96097e-09,6.5684e-09,6.10308e-09,5.57409e-09,4.99565e-09,4.37806e-09,3.73543e-09,3.07755e-09,2.4167e-09,1.76119e-09,1.12044e-09,5.00865e-10,-9.13809e-11,-6.51729e-10,-1.1773e-09,-1.66502e-09,-2.11505e-09,-2.52531e-09,-2.89864e-09,-3.23335e-09,-3.5346e-09,-3.80049e-09,-4.03821e-09,-4.24509e-09,-4.43009e-09,-4.58931e-09,-4.73332e-09,-4.85659e-09,-4.97123e-09,-5.06979e-09,-5.16585e-09,-5.24987e-09,-5.33684e-09,-5.41504e-09,-5.5008e-09,-5.58027e-09,-5.67093e-09,-5.75699e-09,-5.85675e-09,-5.95282e-09,-6.06392e-09,-6.17141e-09,-6.29392e-09,-6.41208e-09,-6.54378e-09,-6.66941e-09,-6.80553e-09,-6.93272e-09,-7.06567e-09,-7.18547e-09,-7.30449e-09,-7.40463e-09,-7.49559e-09,-7.56021e-09,-7.60541e-09,-7.61505e-09,-7.59328e-09,-7.52508e-09,-7.41206e-09,-7.24043e-09,-7.00965e-09,-6.70749e-09,-6.33181e-09,-5.8724e-09,-5.3263e-09,-4.68603e-09,-3.94881e-09,-3.11074e-09,-2.17039e-09,-1.12852e-09,1.37044e-11,1.24976e-09,2.57463e-09,3.97505e-09,5.44117e-09,6.95235e-09,8.49342e-09,1.00365e-08,1.15614e-08,1.30344e-08,1.44317e-08,1.57168e-08,1.68653e-08,1.78426e-08,1.86288e-08,1.91974e-08,1.9539e-08,1.96422e-08,1.95122e-08,1.91547e-08,1.85807e-08,1.85199e-08
7.1043e-09,7.12566e-09,7.42168e-09,7.61031e-09,7.69202e-09,7.66861e-09,7.54051e-09,7.31464e-09,6.99553e-09,6.59495e-09,6.12065e-09,5.58717e-09,5.0038e-09,4.38554e-09,3.74169e-09,3.08587e-09,2.42635e-09,1.77416e-09,1.13601e-09,5.19709e-10,-6.96636e-11,-6.27739e-10,-1.1508e-09,-1.63782e-09,-2.08599e-09,-2.49735e-09,-2.86944e-09,-3.20705e-09,-3.50746e-09,-3.77794e-09,-4.01489e-09,-4.22782e-09,-4.41174e-09,-4.57827e-09,-4.72053e-09,-4.85218e-09,-4.96409e-09,-5.07194e-09,-5.16406e-09,-5.25813e-09,-5.33979e-09,-5.42866e-09,-5.50769e-09,-5.59828e-09,-5.68083e-09,-5.77822e-09,-5.86863e-09,-5.97597e-09,-6.07666e-09,-6.19502e-09,-6.30633e-09,-6.43455e-09,-6.55453e-09,-6.68906e-09,-6.81317e-09,-6.94776e-09,-7.06862e-09,-7.1941e-09,-7.30113e-09,-7.40508e-09,-7.48431e-09,-7.55088e-09,-7.58477e-09,-7.59468e-09,-7.56225e-09,-7.49297e-09,-7.37024e-09,-7.19665e-09,-6.95755e-09,-6.65314e-09,-6.27102e-09,-5.80974e-09,-5.25966e-09,-4.61856e-09,-3.88031e-09,-3.04295e-09,-2.10479e-09,-1.06536e-09,7.15868e-11,1.30383e-09,2.62113e-09,4.01747e-09,5.47534e-09,6.98414e-09,8.51884e-09,1.0064e-08,1.15878e-08,1.30704e-08,1.44751e-08,1.57797e-08,1.69456e-08,1.79513e-08,1.87615e-08,1.93593e-08,1.9718e-08,1.98292e-08,1.96787e-08,1.92664e-08,1.85827e-08,1.85223e-08
7.18835e-09,7.20978e-09,7.55263e-09,7.76645e-09,7.85846e-09,7.8313e-09,7.69347e-09,7.44999e-09,7.11361e-09,6.69178e-09,6.20004e-09,5.64724e-09,5.04971e-09,4.41641e-09,3.76261e-09,3.09647e-09,2.43083e-09,1.7725e-09,1.1311e-09,5.11958e-10,-7.89077e-11,-6.3744e-10,-1.16122e-09,-1.64706e-09,-2.09596e-09,-2.50504e-09,-2.87845e-09,-3.21298e-09,-3.51567e-09,-3.78238e-09,-4.02281e-09,-4.23127e-09,-4.42e-09,-4.58124e-09,-4.72972e-09,-4.85512e-09,-4.97467e-09,-5.07515e-09,-5.17633e-09,-5.26179e-09,-5.35388e-09,-5.43286e-09,-5.52356e-09,-5.60303e-09,-5.6983e-09,-5.7835e-09,-5.88741e-09,-5.98174e-09,-6.09634e-09,-6.20124e-09,-6.32647e-09,-6.4412e-09,-6.57469e-09,-6.6961e-09,-6.83294e-09,-6.95519e-09,-7.0877e-09,-7.20192e-09,-7.31937e-09,-7.41337e-09,-7.50172e-09,-7.55986e-09,-7.60163e-09,-7.60474e-09,-7.5791e-09,-7.50473e-09,-7.38788e-09,-7.21096e-09,-6.97703e-09,-6.67102e-09,-6.29345e-09,-5.83219e-09,-5.28598e-09,-4.64617e-09,-3.91077e-09,-3.07536e-09,-2.13835e-09,-1.10051e-09,3.81811e-11,1.27071e-09,2.59432e-09,3.99485e-09,5.46577e-09,6.98515e-09,8.54203e-09,1.01067e-08,1.16639e-08,1.31769e-08,1.46268e-08,1.59726e-08,1.7193e-08,1.82463e-08,1.91118e-08,1.97513e-08,2.01477e-08,2.02712e-08,2.01099e-08,1.96442e-08,1.88598e-08,1.87989e-08
7.40272e-09,7.42454e-09,7.80935e-09,8.04564e-09,8.1412e-09,8.1065e-09,7.94821e-09,7.68097e-09,7.31305e-09,6.86191e-09,6.3367e-09,5.75576e-09,5.12817e-09,4.47134e-09,3.79348e-09,3.10959e-09,2.42656e-09,1.75607e-09,1.10356e-09,4.76921e-10,-1.19693e-10,-6.82263e-10,-1.20751e-09,-1.69517e-09,-2.14227e-09,-2.55206e-09,-2.92124e-09,-3.2563e-09,-3.55297e-09,-3.82076e-09,-4.05376e-09,-4.26441e-09,-4.44453e-09,-4.60947e-09,-4.74823e-09,-4.87911e-09,-4.98783e-09,-5.09575e-09,-5.18493e-09,-5.27987e-09,-5.35877e-09,-5.44926e-09,-5.52562e-09,-5.61849e-09,-5.69844e-09,-5.79869e-09,-5.88659e-09,-5.99725e-09,-6.0956e-09,-6.21768e-09,-6.32695e-09,-6.45925e-09,-6.57764e-09,-6.71657e-09,-6.83978e-09,-6.97913e-09,-7.09998e-09,-7.23065e-09,-7.33878e-09,-7.4485e-09,-7.53014e-09,-7.60327e-09,-7.64106e-09,-7.65847e-09,-7.63157e-09,-7.57086e-09,-7.45529e-09,-7.29132e-09,-7.06082e-09,-6.76677e-09,-6.39416e-09,-5.94327e-09,-5.40258e-09,-4.77057e-09,-4.03985e-09,-3.20819e-09,-2.27316e-09,-1.23299e-09,-9.12265e-11,1.15219e-09,2.48672e-09,3.90953e-09,5.40219e-09,6.95801e-09,8.55019e-09,1.01676e-08,1.17752e-08,1.33576e-08,1.48727e-08,1.63013e-08,1.7597e-08,1.8738e-08,1.96774e-08,2.03929e-08,2.08414e-08,2.10022e-08,2.08401e-08,2.03377e-08,1.94639e-08,1.94017e-08
7.76783e-09,7.79044e-09,8.21251e-09,8.46287e-09,8.55621e-09,8.50129e-09,8.31519e-09,8.008e-09,7.59995e-09,7.10146e-09,6.53377e-09,5.9067e-09,5.24051e-09,4.54385e-09,3.83445e-09,3.11939e-09,2.41288e-09,1.72039e-09,1.05203e-09,4.11889e-10,-1.94141e-10,-7.62934e-10,-1.29273e-09,-1.78076e-09,-2.22914e-09,-2.63482e-09,-3.00351e-09,-3.33115e-09,-3.62683e-09,-3.88479e-09,-4.11734e-09,-4.31635e-09,-4.49738e-09,-4.64926e-09,-4.79087e-09,-4.90747e-09,-5.02141e-09,-5.11388e-09,-5.21091e-09,-5.28927e-09,-5.37877e-09,-5.45157e-09,-5.54126e-09,-5.61548e-09,-5.71131e-09,-5.79223e-09,-5.89822e-09,-5.98938e-09,-6.10757e-09,-6.21059e-09,-6.34093e-09,-6.45536e-09,-6.59555e-09,-6.71859e-09,-6.86384e-09,-6.99001e-09,-7.13284e-09,-7.25363e-09,-7.38354e-09,-7.48708e-09,-7.59028e-09,-7.66113e-09,-7.7203e-09,-7.73932e-09,-7.7336e-09,-7.67813e-09,-7.58337e-09,-7.42769e-09,-7.21713e-09,-6.93347e-09,-6.57904e-09,-6.13919e-09,-5.61343e-09,-4.99114e-09,-4.26998e-09,-3.44409e-09,-2.51047e-09,-1.46892e-09,-3.17021e-10,9.38653e-10,2.29861e-09,3.74843e-09,5.28549e-09,6.8866e-09,8.54503e-09,1.02284e-08,1.19251e-08,1.3594e-08,1.52187e-08,1.67504e-08,1.81683e-08,1.94189e-08,2.04776e-08,2.12903e-08,2.18303e-08,2.20472e-08,2.19147e-08,2.13916e-08,2.04477e-08,2.03832e-08
8.30646e-09,8.33028e-09,8.78164e-09,9.03866e-09,9.1153e-09,9.03086e-09,8.79814e-09,8.44089e-09,7.97182e-09,7.41601e-09,6.78493e-09,6.10262e-09,5.37871e-09,4.63446e-09,3.87746e-09,3.12504e-09,2.38281e-09,1.66359e-09,9.71327e-10,3.14131e-10,-3.05187e-10,-8.83098e-10,-1.41731e-09,-1.90856e-09,-2.35437e-09,-2.75944e-09,-3.12031e-09,-3.44536e-09,-3.72942e-09,-3.98441e-09,-4.20266e-09,-4.3996e-09,-4.5644e-09,-4.71609e-09,-4.84002e-09,-4.95904e-09,-5.05407e-09,-5.15207e-09,-5.22906e-09,-5.31636e-09,-5.38473e-09,-5.47001e-09,-5.53759e-09,-5.62775e-09,-5.70073e-09,-5.80078e-09,-5.88366e-09,-5.99668e-09,-6.09219e-09,-6.21924e-09,-6.3282e-09,-6.4682e-09,-6.58931e-09,-6.73887e-09,-6.86835e-09,-7.02157e-09,-7.15274e-09,-7.30089e-09,-7.42389e-09,-7.55506e-09,-7.65644e-09,-7.75525e-09,-7.81779e-09,-7.86512e-09,-7.86771e-09,-7.84073e-09,-7.7586e-09,-7.63107e-09,-7.43634e-09,-7.17944e-09,-6.84233e-09,-6.4261e-09,-5.91674e-09,-5.31237e-09,-4.60348e-09,-3.78638e-09,-2.85689e-09,-1.81075e-09,-6.50198e-10,6.28249e-10,2.01466e-09,3.51034e-09,5.09642e-09,6.77071e-09,8.50441e-09,1.02907e-08,1.20903e-08,1.3891e-08,1.56436e-08,1.73299e-08,1.88924e-08,2.03067e-08,2.151e-08,2.24726e-08,2.31302e-08,2.34494e-08,2.33708e-08,2.28604e-08,2.18654e-08,2.17974e-08
9.04357e-09,9.06906e-09,9.54202e-09,9.7905e-09,9.83885e-09,9.70317e-09,9.41128e-09,8.97935e-09,8.43735e-09,7.79947e-09,7.09462e-09,6.33427e-09,5.54415e-09,4.7329e-09,3.92178e-09,3.11684e-09,2.33417e-09,1.5777e-09,8.58204e-10,1.78084e-10,-4.57027e-10,-1.04549e-09,-1.58646e-09,-2.07827e-09,-2.52443e-09,-2.92239e-09,-3.27968e-09,-3.59208e-09,-3.87085e-09,-4.10929e-09,-4.32238e-09,-4.50013e-09,-4.66134e-09,-4.79201e-09,-4.91501e-09,-5.01164e-09,-5.1092e-09,-5.18366e-09,-5.26717e-09,-5.32985e-09,-5.40903e-09,-5.46867e-09,-5.55143e-09,-5.6151e-09,-5.70746e-09,-5.78057e-09,-5.88664e-09,-5.97294e-09,-6.09484e-09,-6.19638e-09,-6.33419e-09,-6.45109e-09,-6.60277e-09,-6.7329e-09,-6.89408e-09,-7.03267e-09,-7.19634e-09,-7.33554e-09,-7.49175e-09,-7.62026e-09,-7.75564e-09,-7.85832e-09,-7.95577e-09,-8.01339e-09,-8.05176e-09,-8.04091e-09,-7.99499e-09,-7.88833e-09,-7.72926e-09,-7.49615e-09,-7.19232e-09,-6.80017e-09,-6.31892e-09,-5.7353e-09,-5.04549e-09,-4.24119e-09,-3.31678e-09,-2.26995e-09,-1.09463e-09,2.04176e-10,1.63146e-09,3.17342e-09,4.83241e-09,6.58435e-09,8.42741e-09,1.03261e-08,1.2273e-08,1.42205e-08,1.61547e-08,1.80165e-08,1.97842e-08,2.13888e-08,2.28007e-08,2.39443e-08,2.47818e-08,2.52366e-08,2.52646e-08,2.47972e-08,2.37831e-08,2.37106e-08
1.00106e-08,1.00382e-08,1.05188e-08,1.07449e-08,1.07405e-08,1.05377e-08,1.01575e-08,9.63594e-09,8.99132e-09,8.25876e-09,7.45261e-09,6.60433e-09,5.72434e-09,4.83887e-09,3.95484e-09,3.09248e-09,2.25585e-09,1.45903e-09,7.04033e-10,-9.86416e-13,-6.55181e-10,-1.25581e-09,-1.80226e-09,-2.29666e-09,-2.73771e-09,-3.13188e-09,-3.47629e-09,-3.7814e-09,-4.04185e-09,-4.27199e-09,-4.46313e-09,-4.63357e-09,-4.77047e-09,-4.89634e-09,-4.99345e-09,-5.08893e-09,-5.15941e-09,-5.23719e-09,-5.29255e-09,-5.36354e-09,-5.41353e-09,-5.48671e-09,-5.5393e-09,-5.62175e-09,-5.68324e-09,-5.78007e-09,-5.85514e-09,-5.96953e-09,-6.0613e-09,-6.19445e-09,-6.30438e-09,-6.4555e-09,-6.58309e-09,-6.74924e-09,-6.89159e-09,-7.06746e-09,-7.21882e-09,-7.39637e-09,-7.54767e-09,-7.71569e-09,-7.85407e-09,-7.99767e-09,-8.10608e-09,-8.20617e-09,-8.26306e-09,-8.29606e-09,-8.27524e-09,-8.21299e-09,-8.08385e-09,-7.89405e-09,-7.62232e-09,-7.26962e-09,-6.81885e-09,-6.26671e-09,-5.60074e-09,-4.81452e-09,-3.90105e-09,-2.85218e-09,-1.66761e-09,-3.39051e-10,1.12545e-09,2.73265e-09,4.46427e-09,6.32373e-09,8.28069e-09,1.03334e-08,1.24381e-08,1.45861e-08,1.67195e-08,1.88211e-08,2.08193e-08,2.2687e-08,2.43406e-08,2.5742e-08,2.67995e-08,2.74631e-08,2.76408e-08,2.72742e-08,2.62758e-08,2.61974e-08
1.12436e-08,1.12739e-08,1.17466e-08,1.19238e-08,1.18463e-08,1.15419e-08,1.10541e-08,1.0407e-08,9.64381e-09,8.783e-09,7.86339e-09,6.89813e-09,5.91976e-09,4.9367e-09,3.97436e-09,3.03734e-09,2.14377e-09,1.29543e-09,5.03539e-10,-2.31882e-10,-9.05841e-10,-1.51899e-09,-2.07183e-09,-2.56459e-09,-3.00256e-09,-3.38454e-09,-3.72009e-09,-4.0056e-09,-4.25465e-09,-4.4603e-09,-4.64011e-09,-4.78297e-09,-4.91069e-09,-5.0071e-09,-5.09872e-09,-5.16348e-09,-5.23329e-09,-5.27934e-09,-5.33962e-09,-5.37786e-09,-5.43883e-09,-5.47821e-09,-5.54805e-09,-5.59571e-09,-5.68056e-09,-5.74204e-09,-5.84612e-09,-5.92547e-09,-6.05104e-09,-6.15091e-09,-6.29832e-09,-6.41972e-09,-6.58738e-09,-6.7293e-09,-6.91346e-09,-7.07226e-09,-7.26679e-09,-7.4357e-09,-7.63157e-09,-7.80019e-09,-7.9849e-09,-8.13864e-09,-8.29554e-09,-8.41515e-09,-8.52283e-09,-8.58397e-09,-8.61579e-09,-8.58878e-09,-8.51282e-09,-8.36286e-09,-8.14231e-09,-7.8303e-09,-7.42472e-09,-6.90898e-09,-6.27655e-09,-5.5157e-09,-4.6168e-09,-3.57411e-09,-2.37642e-09,-1.02562e-09,4.89269e-10,2.15662e-09,3.98521e-09,5.95131e-09,8.05933e-09,1.02712e-08,1.25848e-08,1.49458e-08,1.73435e-08,1.97066e-08,2.20134e-08,2.41761e-08,2.61598e-08,2.78621e-08,2.92322e-08,3.01581e-08,3.05716e-08,3.03611e-08,2.9439e-08,2.93534e-08
1.27889e-08,1.28226e-08,1.32595e-08,1.33618e-08,1.31707e-08,1.27392e-08,1.21002e-08,1.13067e-08,1.03836e-08,9.379e-09,8.31001e-09,7.21722e-09,6.11132e-09,5.0243e-09,3.96177e-09,2.94699e-09,1.98172e-09,1.08101e-09,2.44072e-10,-5.2139e-10,-1.21741e-09,-1.8426e-09,-2.39898e-09,-2.89053e-09,-3.31806e-09,-3.69018e-09,-4.00541e-09,-4.27649e-09,-4.49868e-09,-4.68872e-09,-4.83767e-09,-4.96645e-09,-5.06099e-09,-5.14686e-09,-5.20397e-09,-5.26325e-09,-5.29764e-09,-5.34431e-09,-5.36828e-09,-5.41396e-09,-5.43757e-09,-5.49163e-09,-5.5229e-09,-5.59258e-09,-5.63781e-09,-5.72832e-09,-5.79237e-09,-5.907e-09,-5.99349e-09,-6.13364e-09,-6.24492e-09,-6.4102e-09,-6.54705e-09,-6.73519e-09,-6.89609e-09,-7.10271e-09,-7.28329e-09,-7.5015e-09,-7.69392e-09,-7.91373e-09,-8.10612e-09,-8.31362e-09,-8.48944e-09,-8.66591e-09,-8.80327e-09,-8.92441e-09,-8.9955e-09,-9.03084e-09,-9.00155e-09,-8.91424e-09,-8.74433e-09,-8.49165e-09,-8.13564e-09,-7.67039e-09,-7.0796e-09,-6.35283e-09,-5.47892e-09,-4.44434e-09,-3.24458e-09,-1.86482e-09,-3.09376e-10,1.43576e-09,3.35475e-09,5.45836e-09,7.71627e-09,1.01335e-08,1.26622e-08,1.52992e-08,1.79771e-08,2.06816e-08,2.33247e-08,2.58782e-08,2.82337e-08,3.0345e-08,3.20859e-08,3.33867e-08,3.41084e-08,3.41553e-08,3.3381e-08,3.32868e-08
1.46994e-08,1.47369e-08,1.51049e-08,1.50846e-08,1.47453e-08,1.41333e-08,1.33148e-08,1.23238e-08,1.12204e-08,1.00274e-08,8.79546e-09,7.53864e-09,6.29726e-09,5.07856e-09,3.91227e-09,2.80053e-09,1.76313e-09,7.98645e-10,-8.19037e-11,-8.8198e-10,-1.598e-09,-2.23397e-09,-2.79244e-09,-3.27655e-09,-3.69391e-09,-4.04558e-09,-4.34349e-09,-4.58552e-09,-4.78757e-09,-4.94334e-09,-5.07276e-09,-5.1644e-09,-5.24264e-09,-5.28995e-09,-5.33591e-09,-5.35589e-09,-5.38564e-09,-5.39237e-09,-5.4192e-09,-5.42405e-09,-5.45868e-09,-5.47061e-09,-5.52141e-09,-5.54746e-09,-5.62069e-09,-5.66636e-09,-5.76627e-09,-5.83593e-09,-5.96491e-09,-6.06198e-09,-6.22065e-09,-6.34749e-09,-6.53492e-09,-6.69215e-09,-6.90554e-09,-7.09121e-09,-7.32569e-09,-7.53464e-09,-7.78272e-09,-8.00596e-09,-8.25666e-09,-8.48068e-09,-8.71844e-09,-8.92438e-09,-9.12796e-09,-9.29073e-09,-9.43219e-09,-9.5196e-09,-9.56351e-09,-9.53577e-09,-9.43891e-09,-9.24868e-09,-8.96055e-09,-8.554e-09,-8.01852e-09,-7.33782e-09,-6.49671e-09,-5.48439e-09,-4.2827e-09,-2.88834e-09,-1.28234e-09,5.28212e-10,2.56059e-09,4.7938e-09,7.24052e-09,9.86205e-09,1.26635e-08,1.55849e-08,1.86208e-08,2.16873e-08,2.47654e-08,2.77456e-08,3.05913e-08,3.31679e-08,3.54133e-08,3.71698e-08,3.83392e-08,3.87449e-08,3.82386e-08,3.81343e-08
1.70416e-08,1.70836e-08,1.73261e-08,1.7135e-08,1.65813e-08,1.57495e-08,1.46879e-08,1.34718e-08,1.21323e-08,1.07329e-08,9.29224e-09,7.86114e-09,6.44916e-09,5.09428e-09,3.79944e-09,2.59047e-09,1.46555e-09,4.39785e-10,-4.91661e-10,-1.32259e-09,-2.05915e-09,-2.70229e-09,-3.25781e-09,-3.73232e-09,-4.12982e-09,-4.4615e-09,-4.7283e-09,-4.94537e-09,-5.10952e-09,-5.23973e-09,-5.32766e-09,-5.39644e-09,-5.43165e-09,-5.46123e-09,-5.46366e-09,-5.47276e-09,-5.45874e-09,-5.46269e-09,-5.44522e-09,-5.45627e-09,-5.44545e-09,-5.4732e-09,-5.47679e-09,-5.52854e-09,-5.55256e-09,-5.63355e-09,-5.68286e-09,-5.79638e-09,-5.87515e-09,-6.02272e-09,-6.1345e-09,-6.31623e-09,-6.46374e-09,-6.67829e-09,-6.86201e-09,-7.1063e-09,-7.3238e-09,-7.5927e-09,-7.83801e-09,-8.12352e-09,-8.38639e-09,-8.67645e-09,-8.94149e-09,-9.21857e-09,-9.46415e-09,-9.70382e-09,-9.90083e-09,-1.00705e-08,-1.01812e-08,-1.0239e-08,-1.02163e-08,-1.01107e-08,-9.89803e-09,-9.5685e-09,-9.10115e-09,-8.48004e-09,-7.68835e-09,-6.70539e-09,-5.52026e-09,-4.10953e-09,-2.47106e-09,-5.81234e-10,1.54955e-09,3.94195e-09,6.56848e-09,9.44344e-09,1.25174e-08,1.57951e-08,1.92006e-08,2.27259e-08,2.62656e-08,2.97953e-08,3.31788e-08,3.63679e-08,3.91958e-08,4.15763e-08,4.33103e-08,4.42515e-08,4.41608e-08,4.40449e-08
1.98888e-08,1.99359e-08,1.99831e-08,1.95369e-08,1.87121e-08,1.758e-08,1.62368e-08,1.47255e-08,1.3126e-08,1.14627e-08,9.79981e-09,8.14988e-09,6.56136e-09,5.03846e-09,3.61467e-09,2.28811e-09,1.07908e-09,-1.85418e-11,-9.95349e-10,-1.85972e-09,-2.61081e-09,-3.25734e-09,-3.80498e-09,-4.26104e-09,-4.63617e-09,-4.93478e-09,-5.17151e-09,-5.34671e-09,-5.47859e-09,-5.56239e-09,-5.62002e-09,-5.64067e-09,-5.65058e-09,-5.63185e-09,-5.61611e-09,-5.57724e-09,-5.5537e-09,-5.50975e-09,-5.49249e-09,-5.45493e-09,-5.45491e-09,-5.43234e-09,-5.45793e-09,-5.45679e-09,-5.51417e-09,-5.53961e-09,-5.63296e-09,-5.68951e-09,-5.82114e-09,-5.91314e-09,-6.08381e-09,-6.21551e-09,-6.42536e-09,-6.59984e-09,-6.84724e-09,-7.06483e-09,-7.34671e-09,-7.60453e-09,-7.91577e-09,-8.20698e-09,-8.53915e-09,-8.85215e-09,-9.19189e-09,-9.50909e-09,-9.83638e-09,-1.01328e-08,-1.04191e-08,-1.06605e-08,-1.08673e-08,-1.10089e-08,-1.10861e-08,-1.10712e-08,-1.09564e-08,-1.07167e-08,-1.03363e-08,-9.79307e-09,-9.06465e-09,-8.13306e-09,-6.97113e-09,-5.56751e-09,-3.89269e-09,-1.94572e-09,3.02013e-10,2.83603e-09,5.6803e-09,8.79898e-09,1.22075e-08,1.58427e-08,1.9708e-08,2.37074e-08,2.78298e-08,3.19435e-08,3.60173e-08,3.98835e-08,4.34785e-08,4.65959e-08,4.91115e-08,5.07673e-08,5.13285e-08,5.11995e-08
2.33303e-08,2.33832e-08,2.31225e-08,2.23348e-08,2.11345e-08,1.96465e-08,1.7933e-08,1.60939e-08,1.41618e-08,1.2217e-08,1.02755e-08,8.39885e-09,6.59294e-09,4.90113e-09,3.32171e-09,1.88171e-09,5.73916e-10,-5.88241e-10,-1.61539e-09,-2.50461e-09,-3.26775e-09,-3.90964e-09,-4.44125e-09,-4.87296e-09,-5.21314e-09,-5.47623e-09,-5.66662e-09,-5.80205e-09,-5.8818e-09,-5.92681e-09,-5.93033e-09,-5.91698e-09,-5.87299e-09,-5.82766e-09,-5.75912e-09,-5.70282e-09,-5.62745e-09,-5.57651e-09,-5.50752e-09,-5.47443e-09,-5.4214e-09,-5.41563e-09,-5.38547e-09,-5.41411e-09,-5.41205e-09,-5.48009e-09,-5.51068e-09,-5.62121e-09,-5.68904e-09,-5.84345e-09,-5.95333e-09,-6.15232e-09,-6.3103e-09,-6.55396e-09,-6.76297e-09,-7.04984e-09,-7.31009e-09,-7.63756e-09,-7.94574e-09,-8.30893e-09,-8.65738e-09,-9.04739e-09,-9.423e-09,-9.82487e-09,-1.02075e-08,-1.0598e-08,-1.09583e-08,-1.13038e-08,-1.16013e-08,-1.18554e-08,-1.20361e-08,-1.21379e-08,-1.21329e-08,-1.20064e-08,-1.17319e-08,-1.12866e-08,-1.06461e-08,-9.78068e-09,-8.67022e-09,-7.28014e-09,-5.59802e-09,-3.58763e-09,-1.24932e-09,1.45076e-09,4.49284e-09,7.90392e-09,1.16371e-08,1.57085e-08,2.00366e-08,2.46237e-08,2.93483e-08,3.41964e-08,3.90053e-08,4.37374e-08,4.81897e-08,5.2278e-08,5.57486e-08,5.84129e-08,5.99185e-08,5.97748e-08
2.74547e-08,2.75139e-08,2.6805e-08,2.55343e-08,2.38732e-08,2.19159e-08,1.97865e-08,1.75287e-08,1.5241e-08,1.29433e-08,1.0713e-08,8.55735e-09,6.53241e-09,4.63686e-09,2.90648e-09,1.33321e-09,-6.43036e-11,-1.29887e-09,-2.36505e-09,-3.278e-09,-4.04173e-09,-4.67132e-09,-5.17718e-09,-5.57217e-09,-5.87099e-09,-6.08258e-09,-6.22472e-09,-6.30121e-09,-6.33244e-09,-6.31616e-09,-6.27564e-09,-6.20167e-09,-6.12132e-09,-6.01744e-09,-5.92232e-09,-5.80965e-09,-5.71886e-09,-5.61282e-09,-5.54066e-09,-5.45213e-09,-5.40924e-09,-5.34566e-09,-5.33993e-09,-5.30651e-09,-5.34369e-09,-5.34469e-09,-5.42856e-09,-5.46837e-09,-5.60086e-09,-5.68465e-09,-5.86578e-09,-6.00027e-09,-6.23316e-09,-6.42508e-09,-6.70889e-09,-6.96137e-09,-7.29544e-09,-7.6087e-09,-7.99136e-09,-8.36176e-09,-8.78856e-09,-9.20767e-09,-9.66913e-09,-1.01222e-08,-1.06013e-08,-1.1065e-08,-1.15344e-08,-1.19741e-08,-1.23935e-08,-1.27605e-08,-1.30734e-08,-1.33019e-08,-1.34337e-08,-1.34391e-08,-1.32958e-08,-1.29747e-08,-1.24444e-08,-1.16772e-08,-1.06347e-08,-9.2936e-09,-7.61072e-09,-5.57205e-09,-3.13389e-09,-2.98369e-10,2.97374e-09,6.65534e-09,1.0776e-08,1.52739e-08,2.01652e-08,2.53446e-08,3.08134e-08,3.64195e-08,4.21479e-08,4.78034e-08,5.33443e-08,5.85355e-08,6.3266e-08,6.72246e-08,7.01146e-08,6.99551e-08
3.23557e-08,3.24219e-08,3.10528e-08,2.91591e-08,2.68887e-08,2.43952e-08,2.17373e-08,1.90306e-08,1.62986e-08,1.36354e-08,1.10497e-08,8.61255e-09,6.32322e-09,4.2289e-09,2.32093e-09,6.24992e-10,-8.73805e-10,-2.16668e-09,-3.27228e-09,-4.19376e-09,-4.95069e-09,-5.55397e-09,-6.02148e-09,-6.36882e-09,-6.6101e-09,-6.76376e-09,-6.83873e-09,-6.85543e-09,-6.81656e-09,-6.74457e-09,-6.63516e-09,-6.51353e-09,-6.36757e-09,-6.22653e-09,-6.0695e-09,-5.93168e-09,-5.78188e-09,-5.66378e-09,-5.53371e-09,-5.44725e-09,-5.34508e-09,-5.29887e-09,-5.22979e-09,-5.23014e-09,-5.19788e-09,-5.24915e-09,-5.25743e-09,-5.36215e-09,-5.4157e-09,-5.57474e-09,-5.67787e-09,-5.89244e-09,-6.05933e-09,-6.33204e-09,-6.56689e-09,-6.89803e-09,-7.2044e-09,-7.59489e-09,-7.9732e-09,-8.42272e-09,-8.86929e-09,-9.37392e-09,-9.87964e-09,-1.04291e-08,-1.09773e-08,-1.15519e-08,-1.21155e-08,-1.26826e-08,-1.32202e-08,-1.37308e-08,-1.4183e-08,-1.45678e-08,-1.48537e-08,-1.50203e-08,-1.50349e-08,-1.48663e-08,-1.4481e-08,-1.38378e-08,-1.29041e-08,-1.1631e-08,-9.99086e-09,-7.93068e-09,-5.43428e-09,-2.44993e-09,1.01759e-09,5.01264e-09,9.49763e-09,1.45039e-08,1.9949e-08,2.58485e-08,3.20669e-08,3.86055e-08,4.52789e-08,5.20762e-08,5.87784e-08,6.535e-08,7.15436e-08,7.72203e-08,8.20157e-08,8.18393e-08
3.80891e-08,3.81625e-08,3.588e-08,3.3156e-08,3.01733e-08,2.70069e-08,2.37811e-08,2.0519e-08,1.7328e-08,1.42163e-08,1.1272e-08,8.49452e-09,5.94584e-09,3.61704e-09,1.54341e-09,-2.91704e-10,-1.8749e-09,-3.22837e-09,-4.35419e-09,-5.27685e-09,-6.0082e-09,-6.57178e-09,-6.98489e-09,-7.26755e-09,-7.43975e-09,-7.51616e-09,-7.5181e-09,-7.45377e-09,-7.34549e-09,-7.19428e-09,-7.02401e-09,-6.82789e-09,-6.63254e-09,-6.42264e-09,-6.22932e-09,-6.02759e-09,-5.85557e-09,-5.67667e-09,-5.5393e-09,-5.39234e-09,-5.29894e-09,-5.18918e-09,-5.14633e-09,-5.07683e-09,-5.08923e-09,-5.06266e-09,-5.13331e-09,-5.15352e-09,-5.28353e-09,-5.35674e-09,-5.5402e-09,-5.67475e-09,-5.92838e-09,-6.13656e-09,-6.45557e-09,-6.74353e-09,-7.1305e-09,-7.50266e-09,-7.9608e-09,-8.41819e-09,-8.94887e-09,-9.48808e-09,-1.00879e-08,-1.06994e-08,-1.1357e-08,-1.20218e-08,-1.27141e-08,-1.34003e-08,-1.40878e-08,-1.47453e-08,-1.53679e-08,-1.59237e-08,-1.63954e-08,-1.67489e-08,-1.69545e-08,-1.69747e-08,-1.67676e-08,-1.62933e-08,-1.54989e-08,-1.43448e-08,-1.277e-08,-1.07407e-08,-8.19296e-09,-5.10792e-09,-1.42542e-09,2.84519e-09,7.75264e-09,1.32438e-08,1.93501e-08,2.59606e-08,3.3089e-08,4.0563e-08,4.83866e-08,5.6346e-08,6.44493e-08,7.24865e-08,8.04667e-08,8.8196e-08,9.55795e-08,9.53861e-08
4.46459e-08,4.47267e-08,4.11963e-08,3.74735e-08,3.36167e-08,2.97292e-08,2.58165e-08,2.19848e-08,1.82356e-08,1.46724e-08,1.12944e-08,8.18155e-09,5.32564e-09,2.77516e-09,5.12396e-10,-1.44248e-09,-3.11502e-09,-4.50569e-09,-5.64428e-09,-6.54405e-09,-7.23498e-09,-7.73704e-09,-8.07703e-09,-8.27765e-09,-8.36016e-09,-8.34786e-09,-8.25512e-09,-8.1051e-09,-7.90459e-09,-7.67692e-09,-7.4209e-09,-7.16112e-09,-6.88798e-09,-6.629e-09,-6.36541e-09,-6.12998e-09,-5.89333e-09,-5.69661e-09,-5.4973e-09,-5.34923e-09,-5.19268e-09,-5.09989e-09,-4.98847e-09,-4.95555e-09,-4.8906e-09,-4.92068e-09,-4.90459e-09,-4.9994e-09,-5.03677e-09,-5.19889e-09,-5.2803e-09,-5.50677e-09,-5.68123e-09,-5.97921e-09,-6.23863e-09,-6.61106e-09,-6.9638e-09,-7.41673e-09,-7.8685e-09,-8.40796e-09,-8.96094e-09,-9.59024e-09,-1.02418e-08,-1.09582e-08,-1.16984e-08,-1.2489e-08,-1.32964e-08,-1.41335e-08,-1.49698e-08,-1.58055e-08,-1.66095e-08,-1.73691e-08,-1.80502e-08,-1.86264e-08,-1.90586e-08,-1.93063e-08,-1.93247e-08,-1.90594e-08,-1.84613e-08,-1.74635e-08,-1.60166e-08,-1.40455e-08,-1.15083e-08,-8.32873e-09,-4.48543e-09,9.0124e-11,5.38051e-09,1.14367e-08,1.81822e-08,2.56443e-08,3.36736e-08,4.22777e-08,5.12438e-08,6.05832e-08,7.00782e-08,7.97959e-08,8.96314e-08,9.97701e-08,1.10351e-07,1.10141e-07
5.18231e-08,5.19107e-08,4.68271e-08,4.19226e-08,3.71475e-08,3.2428e-08,2.78251e-08,2.33159e-08,1.90088e-08,1.49016e-08,1.10945e-08,7.58253e-09,4.4321e-09,1.62644e-09,-8.04128e-10,-2.88779e-09,-4.62215e-09,-6.04258e-09,-7.16409e-09,-8.024e-09,-8.64614e-09,-9.06521e-09,-9.30807e-09,-9.40368e-09,-9.37871e-09,-9.25463e-09,-9.05663e-09,-8.79792e-09,-8.50232e-09,-8.17457e-09,-7.83805e-09,-7.489e-09,-7.15195e-09,-6.81434e-09,-6.50402e-09,-6.19874e-09,-5.9326e-09,-5.6717e-09,-5.46035e-09,-5.2496e-09,-5.09943e-09,-4.94053e-09,-4.85554e-09,-4.7483e-09,-4.73115e-09,-4.67592e-09,-4.72843e-09,-4.72849e-09,-4.85135e-09,-4.92387e-09,-5.07141e-09,-5.20986e-09,-5.48052e-09,-5.70307e-09,-6.05131e-09,-6.37223e-09,-6.80727e-09,-7.23745e-09,-7.76927e-09,-8.31626e-09,-8.95417e-09,-9.62207e-09,-1.03716e-08,-1.11593e-08,-1.20184e-08,-1.29155e-08,-1.38695e-08,-1.48514e-08,-1.58668e-08,-1.68871e-08,-1.79049e-08,-1.8888e-08,-1.98148e-08,-2.06472e-08,-2.13479e-08,-2.18706e-08,-2.21617e-08,-2.21661e-08,-2.18139e-08,-2.10434e-08,-1.97706e-08,-1.79333e-08,-1.54393e-08,-1.22371e-08,-8.23624e-09,-3.41445e-09,2.30432e-09,8.88781e-09,1.63846e-08,2.4682e-08,3.37944e-08,4.35184e-08,5.38472e-08,6.45256e-08,7.55854e-08,8.68638e-08,9.85996e-08,1.11053e-07,1.25126e-07,1.24905e-07
5.90604e-08,5.91533e-08,5.23546e-08,4.62958e-08,4.05669e-08,3.50604e-08,2.96769e-08,2.45036e-08,1.95319e-08,1.48847e-08,1.05645e-08,6.66377e-09,3.17068e-09,1.31618e-10,-2.48249e-09,-4.6637e-09,-6.45305e-09,-7.86718e-09,-8.95191e-09,-9.73611e-09,-1.02641e-08,-1.05684e-08,-1.06876e-08,-1.06531e-08,-1.0495e-08,-1.0242e-08,-9.91452e-09,-9.53828e-09,-9.12435e-09,-8.69606e-09,-8.25547e-09,-7.82521e-09,-7.39851e-09,-6.99938e-09,-6.61198e-09,-6.26434e-09,-5.93038e-09,-5.64575e-09,-5.37146e-09,-5.15579e-09,-4.94219e-09,-4.79839e-09,-4.64368e-09,-4.57324e-09,-4.47526e-09,-4.47911e-09,-4.43841e-09,-4.51784e-09,-4.53925e-09,-4.73454e-09,-4.70631e-09,-4.95895e-09,-5.14526e-09,-5.45947e-09,-5.73955e-09,-6.14295e-09,-6.53766e-09,-7.04474e-09,-7.56705e-09,-8.19193e-09,-8.85215e-09,-9.60784e-09,-1.04132e-08,-1.13079e-08,-1.22594e-08,-1.32919e-08,-1.43791e-08,-1.55323e-08,-1.67262e-08,-1.79594e-08,-1.92037e-08,-2.04433e-08,-2.16435e-08,-2.27726e-08,-2.37856e-08,-2.46329e-08,-2.52573e-08,-2.55893e-08,-2.55596e-08,-2.50792e-08,-2.40694e-08,-2.24256e-08,-2.00683e-08,-1.68859e-08,-1.28145e-08,-7.74981e-09,-1.67056e-09,5.50153e-09,1.37101e-08,2.29877e-08,3.31679e-08,4.42279e-08,5.58908e-08,6.81061e-08,8.05778e-08,9.33672e-08,1.06481e-07,1.2058e-07,1.37029e-07,1.36803e-07
6.4992e-08,6.50868e-08,5.70818e-08,5.01689e-08,4.37178e-08,3.74349e-08,3.13333e-08,2.53962e-08,1.97704e-08,1.44818e-08,9.65846e-09,5.30572e-09,1.49397e-09,-1.80062e-09,-4.56085e-09,-6.83169e-09,-8.63113e-09,-1.00142e-08,-1.10164e-08,-1.16935e-08,-1.20861e-08,-1.2244e-08,-1.22061e-08,-1.20124e-08,-1.16972e-08,-1.12895e-08,-1.08182e-08,-1.03016e-08,-9.76402e-09,-9.2138e-09,-8.6725e-09,-8.13924e-09,-7.6348e-09,-7.14965e-09,-6.70623e-09,-6.28604e-09,-5.9163e-09,-5.56793e-09,-5.27721e-09,-5.001e-09,-4.79062e-09,-4.58314e-09,-4.45265e-09,-4.30921e-09,-4.25785e-09,-4.17611e-09,-4.20672e-09,-4.20066e-09,-4.35406e-09,-4.73024e-09,-5.2907e-09,-5.72475e-09,-6.11263e-09,-6.42717e-09,-6.87579e-09,-7.32299e-09,-7.90807e-09,-8.52262e-09,-9.26834e-09,-1.00702e-08,-1.09995e-08,-1.2007e-08,-1.31408e-08,-1.43682e-08,-1.57199e-08,-1.71715e-08,-1.87393e-08,-2.04006e-08,-2.21578e-08,-2.3984e-08,-2.58658e-08,-2.77672e-08,-2.96555e-08,-3.14805e-08,-3.31866e-08,-3.47045e-08,-3.59519e-08,-3.68374e-08,-3.72496e-08,-3.70753e-08,-3.61755e-08,-3.44212e-08,-3.16537e-08,-2.77444e-08,-2.25324e-08,-1.59199e-08,-7.77262e-09,1.92948e-09,1.32552e-08,2.60885e-08,4.03923e-08,5.58662e-08,7.23443e-08,8.93453e-08,1.06602e-07,1.23551e-07,1.39877e-07,1.54855e-07,1.66906e-07,1.66647e-07
7.93372e-08,7.94458e-08,7.34111e-08,6.59483e-08,5.78399e-08,4.9463e-08,4.09946e-08,3.2719e-08,2.47717e-08,1.73812e-08,1.062e-08,4.61958e-09,-6.15564e-10,-5.04506e-09,-8.71525e-09,-1.16485e-08,-1.39191e-08,-1.55821e-08,-1.67203e-08,-1.73989e-08,-1.76961e-08,-1.76738e-08,-1.73981e-08,-1.69222e-08,-1.62966e-08,-1.55642e-08,-1.47599e-08,-1.39175e-08,-1.30572e-08,-1.22057e-08,-1.13708e-08,-1.05745e-08,-9.81427e-09,-9.11013e-09,-8.45035e-09,-7.85638e-09,-7.30697e-09,-6.82897e-09,-6.38964e-09,-6.02652e-09,-5.69099e-09,-5.43833e-09,-5.19731e-09,-5.04897e-09,-4.89154e-09,-4.83705e-09,-4.74473e-09,-4.74777e-09,-4.63813e-09,-5.11332e-09,0,0,0,0,0,0,0,0,0,0,0,0,0,0,0,0,0,0,0,0,0,0,0,0,0,0,0,0,0,0,0,0,0,0,0,0,0,0,0,0,0,0,0,0,0,0,0,0,0,0
0,0,0,0,0,0,0,0,0,0,0,0,0,0,0,0,0,0,0,0,0,0,0,0,0,0,0,0,0,0,0,0,0,0,0,0,0,0,0,0,0,0,0,0,0,0,0,0,0,0,0,0,0,0,0,0,0,0,0,0,0,0,0,0,0,0,0,0,0,0,0,0,0,0,0,0,0,0,0,0,0,0,0,0,0,0,0,0,0,0,0,0,0,0,0,0,0,0,0,0
0,0,0,0,0,0,0,0,0,0,0,0,0,0,0,0,0,0,0,0,0,0,0,0,0,0,0,0,0,0,0,0,0,0,0,0,0,0,0,0,0,0,0,0,0,0,0,0,0,0,0,0,0,0,0,0,0,0,0,0,0,0,0,0,0,0,0,0,0,0,0,0,0,0,0,0,0,0,0,0,0,0,0,0,0,0,0,0,0,0,0,0,0,0,0,0,0,0,0,0
0,0,0,0,0,0,0,0,0,0,0,0,0,0,0,0,0,0,0,0,0,0,0,0,0,0,0,0,0,0,0,0,0,0,0,0,0,0,0,0,0,0,0,0,0,0,0,0,0,0,0,0,0,0,0,0,0,0,0,0,0,0,0,0,0,0,0,0,0,0,0,0,0,0,0,0,0,0,0,0,0,0,0,0,0,0,0,0,0,0,0,0,0,0,0,0,0,0,0,0
0,0,0,0,0,0,0,0,0,0,0,0,0,0,0,0,0,0,0,0,0,0,0,0,0,0,0,0,0,0,0,0,0,0,0,0,0,0,0,0,0,0,0,0,0,0,0,0,0,0,0,0,0,0,0,0,0,0,0,0,0,0,0,0,0,0,0,0,0,0,0,0,0,0,0,0,0,0,0,0,0,0,0,0,0,0,0,0,0,0,0,0,0,0,0,0,0,0,0,0
0,0,0,0,0,0,0,0,0,0,0,0,0,0,0,0,0,0,0,0,0,0,0,0,0,0,0,0,0,0,0,0,0,0,0,0,0,0,0,0,0,0,0,0,0,0,0,0,0,0,0,0,0,0,0,0,0,0,0,0,0,0,0,0,0,0,0,0,0,0,0,0,0,0,0,0,0,0,0,0,0,0,0,0,0,0,0,0,0,0,0,0,0,0,0,0,0,0,0,0
0,0,0,0,0,0,0,0,0,0,0,0,0,0,0,0,0,0,0,0,0,0,0,0,0,0,0,0,0,0,0,0,0,0,0,0,0,0,0,0,0,0,0,0,0,0,0,0,0,0,0,0,0,0,0,0,0,0,0,0,0,0,0,0,0,0,0,0,0,0,0,0,0,0,0,0,0,0,0,0,0,0,0,0,0,0,0,0,0,0,0,0,0,0,0,0,0,0,0,0
0,0,0,0,0,0,0,0,0,0,0,0,0,0,0,0,0,0,0,0,0,0,0,0,0,0,0,0,0,0,0,0,0,0,0,0,0,0,0,0,0,0,0,0,0,0,0,0,0,0,0,0,0,0,0,0,0,0,0,0,0,0,0,0,0,0,0,0,0,0,0,0,0,0,0,0,0,0,0,0,0,0,0,0,0,0,0,0,0,0,0,0,0,0,0,0,0,0,0,0
0,0,0,0,0,0,0,0,0,0,0,0,0,0,0,0,0,0,0,0,0,0,0,0,0,0,0,0,0,0,0,0,0,0,0,0,0,0,0,0,0,0,0,0,0,0,0,0,0,0,0,0,0,0,0,0,0,0,0,0,0,0,0,0,0,0,0,0,0,0,0,0,0,0,0,0,0,0,0,0,0,0,0,0,0,0,0,0,0,0,0,0,0,0,0,0,0,0,0,0
0,0,0,0,0,0,0,0,0,0,0,0,0,0,0,0,0,0,0,0,0,0,0,0,0,0,0,0,0,0,0,0,0,0,0,0,0,0,0,0,0,0,0,0,0,0,0,0,0,0,0,0,0,0,0,0,0,0,0,0,0,0,0,0,0,0,0,0,0,0,0,0,0,0,0,0,0,0,0,0,0,0,0,0,0,0,0,0,0,0,0,0,0,0,0,0,0,0,0,0
0,0,0,0,0,0,0,0,0,0,0,0,0,0,0,0,0,0,0,0,0,0,0,0,0,0,0,0,0,0,0,0,0,0,0,0,0,0,0,0,0,0,0,0,0,0,0,0,0,0,0,0,0,0,0,0,0,0,0,0,0,0,0,0,0,0,0,0,0,0,0,0,0,0,0,0,0,0,0,0,0,0,0,0,0,0,0,0,0,0,0,0,0,0,0,0,0,0,0,0
0,0,0,0,0,0,0,0,0,0,0,0,0,0,0,0,0,0,0,0,0,0,0,0,0,0,0,0,0,0,0,0,0,0,0,0,0,0,0,0,0,0,0,0,0,0,0,0,0,0,0,0,0,0,0,0,0,0,0,0,0,0,0,0,0,0,0,0,0,0,0,0,0,0,0,0,0,0,0,0,0,0,0,0,0,0,0,0,0,0,0,0,0,0,0,0,0,0,0,0
0,0,0,0,0,0,0,0,0,0,0,0,0,0,0,0,0,0,0,0,0,0,0,0,0,0,0,0,0,0,0,0,0,0,0,0,0,0,0,0,0,0,0,0,0,0,0,0,0,0,0,0,0,0,0,0,0,0,0,0,0,0,0,0,0,0,0,0,0,0,0,0,0,0,0,0,0,0,0,0,0,0,0,0,0,0,0,0,0,0,0,0,0,0,0,0,0,0,0,0
0,0,0,0,0,0,0,0,0,0,0,0,0,0,0,0,0,0,0,0,0,0,0,0,0,0,0,0,0,0,0,0,0,0,0,0,0,0,0,0,0,0,0,0,0,0,0,0,0,0,0,0,0,0,0,0,0,0,0,0,0,0,0,0,0,0,0,0,0,0,0,0,0,0,0,0,0,0,0,0,0,0,0,0,0,0,0,0,0,0,0,0,0,0,0,0,0,0,0,0
0,0,0,0,0,0,0,0,0,0,0,0,0,0,0,0,0,0,0,0,0,0,0,0,0,0,0,0,0,0,0,0,0,0,0,0,0,0,0,0,0,0,0,0,0,0,0,0,0,0,0,0,0,0,0,0,0,0,0,0,0,0,0,0,0,0,0,0,0,0,0,0,0,0,0,0,0,0,0,0,0,0,0,0,0,0,0,0,0,0,0,0,0,0,0,0,0,0,0,0
0,0,0,0,0,0,0,0,0,0,0,0,0,0,0,0,0,0,0,0,0,0,0,0,0,0,0,0,0,0,0,0,0,0,0,0,0,0,0,0,0,0,0,0,0,0,0,0,0,0,0,0,0,0,0,0,0,0,0,0,0,0,0,0,0,0,0,0,0,0,0,0,0,0,0,0,0,0,0,0,0,0,0,0,0,0,0,0,0,0,0,0,0,0,0,0,0,0,0,0
0,0,0,0,0,0,0,0,0,0,0,0,0,0,0,0,0,0,0,0,0,0,0,0,0,0,0,0,0,0,0,0,0,0,0,0,0,0,0,0,0,0,0,0,0,0,0,0,0,0,0,0,0,0,0,0,0,0,0,0,0,0,0,0,0,0,0,0,0,0,0,0,0,0,0,0,0,0,0,0,0,0,0,0,0,0,0,0,0,0,0,0,0,0,0,0,0,0,0,0
0,0,0,0,0,0,0,0,0,0,0,0,0,0,0,0,0,0,0,0,0,0,0,0,0,0,0,0,0,0,0,0,0,0,0,0,0,0,0,0,0,0,0,0,0,0,0,0,0,0,0,0,0,0,0,0,0,0,0,0,0,0,0,0,0,0,0,0,0,0,0,0,0,0,0,0,0,0,0,0,0,0,0,0,0,0,0,0,0,0,0,0,0,0,0,0,0,0,0,0
0,0,0,0,0,0,0,0,0,0,0,0,0,0,0,0,0,0,0,0,0,0,0,0,0,0,0,0,0,0,0,0,0,0,0,0,0,0,0,0,0,0,0,0,0,0,0,0,0,0,0,0,0,0,0,0,0,0,0,0,0,0,0,0,0,0,0,0,0,0,0,0,0,0,0,0,0,0,0,0,0,0,0,0,0,0,0,0,0,0,0,0,0,0,0,0,0,0,0,0
0,0,0,0,0,0,0,0,0,0,0,0,0,0,0,0,0,0,0,0,0,0,0,0,0,0,0,0,0,0,0,0,0,0,0,0,0,0,0,0,0,0,0,0,0,0,0,0,0,0,0,0,0,0,0,0,0,0,0,0,0,0,0,0,0,0,0,0,0,0,0,0,0,0,0,0,0,0,0,0,0,0,0,0,0,0,0,0,0,0,0,0,0,0,0,0,0,0,0,0
0,0,0,0,0,0,0,0,0,0,0,0,0,0,0,0,0,0,0,0,0,0,0,0,0,0,0,0,0,0,0,0,0,0,0,0,0,0,0,0,0,0,0,0,0,0,0,0,0,0,0,0,0,0,0,0,0,0,0,0,0,0,0,0,0,0,0,0,0,0,0,0,0,0,0,0,0,0,0,0,0,0,0,0,0,0,0,0,0,0,0,0,0,0,0,0,0,0,0,0
0,0,0,0,0,0,0,0,0,0,0,0,0,0,0,0,0,0,0,0,0,0,0,0,0,0,0,0,0,0,0,0,0,0,0,0,0,0,0,0,0,0,0,0,0,0,0,0,0,0,0,0,0,0,0,0,0,0,0,0,0,0,0,0,0,0,0,0,0,0,0,0,0,0,0,0,0,0,0,0,0,0,0,0,0,0,0,0,0,0,0,0,0,0,0,0,0,0,0,0
0,0,0,0,0,0,0,0,0,0,0,0,0,0,0,0,0,0,0,0,0,0,0,0,0,0,0,0,0,0,0,0,0,0,0,0,0,0,0,0,0,0,0,0,0,0,0,0,0,0,0,0,0,0,0,0,0,0,0,0,0,0,0,0,0,0,0,0,0,0,0,0,0,0,0,0,0,0,0,0,0,0,0,0,0,0,0,0,0,0,0,0,0,0,0,0,0,0,0,0
0,0,0,0,0,0,0,0,0,0,0,0,0,0,0,0,0,0,0,0,0,0,0,0,0,0,0,0,0,0,0,0,0,0,0,0,0,0,0,0,0,0,0,0,0,0,0,0,0,0,0,0,0,0,0,0,0,0,0,0,0,0,0,0,0,0,0,0,0,0,0,0,0,0,0,0,0,0,0,0,0,0,0,0,0,0,0,0,0,0,0,0,0,0,0,0,0,0,0,0
0,0,0,0,0,0,0,0,0,0,0,0,0,0,0,0,0,0,0,0,0,0,0,0,0,0,0,0,0,0,0,0,0,0,0,0,0,0,0,0,0,0,0,0,0,0,0,0,0,0,0,0,0,0,0,0,0,0,0,0,0,0,0,0,0,0,0,0,0,0,0,0,0,0,0,0,0,0,0,0,0,0,0,0,0,0,0,0,0,0,0,0,0,0,0,0,0,0,0,0
-0.1819,-0.1819,-0.200323,-0.216497,-0.2298,-0.240598,-0.249364,-0.256475,-0.2622,-0.266725,-0.27018,-0.272659,-0.274232,-0.274959,-0.274887,-0.274062,-0.272525,-0.270315,-0.267471,-0.26403,-0.260027,-0.255499,-0.250478,-0.245,-0.239094,-0.232792,-0.226122,-0.219113,-0.211789,-0.204176,-0.196296,-0.18817,-0.179819,-0.171261,-0.162513,-0.15359,-0.144508,-0.135278,-0.125914,-0.116426,-0.106824,-0.0971176,-0.0873153,-0.0774245,-0.0674523,-0.0574052,-0.047289,-0.0371093,-0.0268716,-0.0165808,-0.00624183,0.00414023,0.0145604,0.0250134,0.0354937,0.0459953,0.0565117,0.0670357,0.0775591,0.088073,0.0985673,0.10903,0.11945,0.129811,0.140097,0.150291,0.160373,0.17032,0.180107,0.189709,0.199096,0.208236,0.217096,0.225638,0.233825,0.241616,0.248967,0.255835,0.262175,0.267939,0.27308,0.277552,0.281307,0.284299,0.286483,0.287813,0.288246,0.287736,0.286236,0.283693,0.280041,0.275194,0.269032,0.261377,0.251967,0.240428,0.22629,0.209198,0.189828,0.189828
-0.207313,-0.207313,-0.214467,-0.223598,-0.232632,-0.240818,-0.247936,-0.253967,-0.258957,-0.262967,-0.266055,-0.268273,-0.269667,-0.270277,-0.270141,-0.269295,-0.267774,-0.265611,-0.26284,-0.259494,-0.255605,-0.251206,-0.246326,-0.240998,-0.23525,-0.22911,-0.222606,-0.215764,-0.208608,-0.201162,-0.193447,-0.185485,-0.177294,-0.168893,-0.160297,-0.151524,-0.142587,-0.133499,-0.124273,-0.11492,-0.105449,-0.0958716,-0.0861953,-0.0764283,-0.0665782,-0.0566519,-0.0466559,-0.0365962,-0.0264787,-0.0163092,-0.00609301,0.00416412,0.0144566,0.0247785,0.0351237,0.0454855,0.0558569,0.0662299,0.076596,0.0869455,0.0972679,0.107551,0.117782,0.127947,0.138028,0.148008,0.157867,0.167583,0.177133,0.18649,0.195625,0.20451,0.213111,0.221394,0.229323,0.236859,0.243962,0.250593,0.256708,0.262266,0.267223,0.271538,0.275168,0.278072,0.280212,0.281548,0.282044,0.281666,0.280377,0.278141,0.274922,0.270675,0.265355,0.258913,0.25132,0.242617,0.233051,0.223428,0.215921,0.215921
-0.223251,-0.223251,-0.225637,-0.230737,-0.236771,-0.242822,-0.248435,-0.253399,-0.257621,-0.261072,-0.26375,-0.265667,-0.266843,-0.267301,-0.267066,-0.266164,-0.264624,-0.262472,-0.259737,-0.256449,-0.252636,-0.248326,-0.243548,-0.238331,-0.2327,-0.226683,-0.220304,-0.213589,-0.20656,-0.19924,-0.19165,-0.183809,-0.175737,-0.167451,-0.158967,-0.150301,-0.141467,-0.132478,-0.123346,-0.114082,-0.104698,-0.0952032,-0.085606,-0.0759151,-0.0661384,-0.0562831,-0.0463562,-0.0363643,-0.0263136,-0.0162103,-0.00606043,0.00412986,0.0143544,0.0246069,0.0348805,0.0451681,0.0554621,0.0657541,0.076035,0.0862948,0.0965225,0.106706,0.116831,0.126884,0.136848,0.146705,0.156435,0.166016,0.175425,0.184637,0.193624,0.202357,0.210804,0.218933,0.226709,0.234095,0.241054,0.247548,0.253538,0.258984,0.263846,0.268086,0.271667,0.274551,0.276705,0.278097,0.278698,0.278481,0.277426,0.275514,0.272735,0.269085,0.264579,0.259265,0.253253,0.246783,0.240342,0.2349,0.23232,0.23232
-0.23293,-0.23293,-0.23355,-0.236521,-0.240631,-0.245114,-0.249505,-0.253531,-0.257038,-0.259943,-0.262204,-0.263805,-0.264742,-0.265025,-0.264666,-0.263683,-0.262096,-0.259928,-0.257202,-0.253945,-0.25018,-0.245933,-0.241231,-0.236098,-0.23056,-0.224641,-0.218364,-0.211754,-0.204831,-0.197617,-0.190133,-0.182396,-0.174426,-0.16624,-0.157853,-0.14928,-0.140536,-0.131633,-0.122585,-0.113402,-0.104095,-0.0946739,-0.0851479,-0.0755258,-0.0658156,-0.0560249,-0.0461611,-0.036231,-0.0262414,-0.0161988,-0.00610964,0.00401955,0.0141822,0.0243714,0.0345801,0.0448007,0.0550252,0.0652448,0.0754502,0.0856309,0.0957757,0.105872,0.115907,0.125864,0.135728,0.145481,0.155103,0.164573,0.173867,0.182962,0.191829,0.200442,0.208769,0.216779,0.224439,0.231714,0.238568,0.244966,0.25087,0.256244,0.261051,0.265255,0.268824,0.271724,0.273926,0.275404,0.276136,0.276106,0.275303,0.273726,0.271386,0.26831,0.264555,0.260223,0.255488,0.250649,0.246204,0.242959,0.242181,0.242181
-0.238755,-0.238755,-0.238997,-0.240983,-0.243968,-0.247394,-0.250873,-0.254143,-0.257037,-0.259451,-0.261321,-0.262613,-0.263309,-0.263406,-0.262908,-0.261825,-0.260171,-0.257965,-0.255226,-0.251974,-0.248233,-0.244025,-0.239374,-0.234302,-0.228832,-0.222988,-0.216792,-0.210264,-0.203427,-0.1963,-0.188902,-0.181252,-0.173368,-0.165265,-0.15696,-0.148467,-0.1398,-0.130973,-0.121997,-0.112883,-0.103644,-0.0942874,-0.0848242,-0.0752629,-0.0656117,-0.0558785,-0.046071,-0.0361962,-0.0262613,-0.0162731,-0.00623827,0.00383623,0.0139435,0.0240764,0.0342275,0.044389,0.0545525,0.064709,0.0748489,0.0849617,0.0950358,0.105059,0.115017,0.124895,0.134678,0.144346,0.153882,0.163263,0.172467,0.181471,0.190248,0.19877,0.207009,0.214934,0.222513,0.229712,0.236499,0.242837,0.248694,0.254033,0.258821,0.263026,0.266615,0.269562,0.271839,0.273427,0.27431,0.274477,0.273929,0.272676,0.270744,0.268181,0.265064,0.261517,0.257728,0.253982,0.250696,0.248455,0.248033,0.248033
-0.242239,-0.242239,-0.242722,-0.244379,-0.246781,-0.249553,-0.252398,-0.255099,-0.257501,-0.259498,-0.261022,-0.262028,-0.262493,-0.262404,-0.26176,-0.260565,-0.258829,-0.256567,-0.253794,-0.250528,-0.246789,-0.242597,-0.237974,-0.23294,-0.227517,-0.221726,-0.215588,-0.209123,-0.202351,-0.195291,-0.187962,-0.180381,-0.172565,-0.164531,-0.156293,-0.147866,-0.139263,-0.130498,-0.121583,-0.112528,-0.103346,-0.0940452,-0.0846359,-0.075127,-0.0655269,-0.0558437,-0.0460853,-0.0362589,-0.0263719,-0.0164313,-0.00644418,0.0035824,0.0136413,0.0237251,0.0338263,0.0439366,0.0540478,0.0641505,0.0742351,0.0842909,0.0943064,0.104269,0.114166,0.123981,0.133698,0.143301,0.152771,0.162085,0.171224,0.180162,0.188875,0.197336,0.205517,0.213388,0.220918,0.228076,0.234829,0.241144,0.246987,0.252326,0.257129,0.261365,0.265005,0.268024,0.270401,0.272116,0.27316,0.273528,0.273226,0.272272,0.270702,0.268571,0.265964,0.263004,0.259868,0.256793,0.254098,0.252175,0.251468,0.251468
-0.244345,-0.244345,-0.245322,-0.247013,-0.249184,-0.251595,-0.254033,-0.256331,-0.258357,-0.260018,-0.261247,-0.262001,-0.262251,-0.261984,-0.261193,-0.25988,-0.258052,-0.255719,-0.252896,-0.249597,-0.24584,-0.241644,-0.237028,-0.232011,-0.226614,-0.220855,-0.214755,-0.208332,-0.201606,-0.194595,-0.187316,-0.179786,-0.172023,-0.16404,-0.155854,-0.147479,-0.138927,-0.130212,-0.121346,-0.112339,-0.103203,-0.0939483,-0.0845836,-0.0751184,-0.0655611,-0.0559201,-0.0462031,-0.0364179,-0.0265717,-0.0166718,-0.00672537,0.0032603,0.013278,0.0233201,0.033379,0.0434464,0.0535138,0.0635721,0.0736114,0.0836211,0.0935899,0.103505,0.113354,0.123121,0.132791,0.142346,0.151769,0.161038,0.170133,0.17903,0.187705,0.196132,0.204283,0.21213,0.219643,0.226791,0.233542,0.239865,0.245728,0.251099,0.255947,0.260243,0.263961,0.267077,0.269571,0.271427,0.272639,0.273204,0.273134,0.272448,0.271186,0.269405,0.267185,0.26464,0.261917,0.259206,0.256733,0.254751,0.253498,0.253498
-0.245696,-0.245696,-0.247253,-0.249169,-0.251329,-0.253583,-0.255788,-0.257819,-0.259573,-0.260973,-0.261961,-0.262498,-0.262556,-0.262122,-0.261187,-0.259753,-0.257825,-0.25541,-0.252522,-0.249174,-0.245382,-0.241163,-0.236534,-0.231514,-0.226122,-0.220375,-0.214292,-0.207892,-0.201193,-0.194211,-0.186964,-0.179469,-0.171741,-0.163795,-0.155646,-0.147308,-0.138794,-0.130116,-0.121286,-0.112316,-0.103216,-0.093997,-0.0846674,-0.0752368,-0.0657139,-0.0561068,-0.0464236,-0.0366718,-0.0268591,-0.0169927,-0.00707991,0.00287203,0.0128557,0.0228636,0.032888,0.0429206,0.052953,0.062976,0.0729799,0.0829542,0.0928878,0.102768,0.112583,0.122317,0.131954,0.14148,0.150874,0.160118,0.169191,0.17807,0.186731,0.195149,0.203298,0.211149,0.218674,0.225842,0.232622,0.238984,0.244896,0.250329,0.255251,0.259635,0.263455,0.266688,0.269316,0.271325,0.272708,0.273466,0.273609,0.27316,0.272154,0.270646,0.268707,0.266434,0.263945,0.261382,0.258903,0.256662,0.254777,0.254777
-0.246709,-0.246709,-0.248855,-0.251092,-0.253373,-0.255608,-0.257706,-0.259576,-0.261144,-0.26235,-0.263145,-0.263499,-0.263388,-0.262799,-0.261727,-0.260171,-0.258136,-0.25563,-0.252665,-0.249253,-0.245409,-0.241149,-0.236489,-0.231446,-0.226039,-0.220284,-0.2142,-0.207803,-0.201111,-0.194141,-0.186909,-0.179431,-0.171722,-0.163796,-0.155669,-0.147354,-0.138863,-0.13021,-0.121405,-0.11246,-0.103385,-0.0941909,-0.0848866,-0.0754815,-0.065984,-0.0564026,-0.0467451,-0.0370192,-0.0272325,-0.0173922,-0.00750576,0.00241969,0.0123768,0.0223579,0.0323555,0.0423614,0.0523672,0.0623639,0.072342,0.0822913,0.0922007,0.102058,0.111852,0.121566,0.131187,0.140699,0.150083,0.15932,0.168391,0.177274,0.185945,0.194379,0.202551,0.210433,0.217997,0.225213,0.232052,0.238482,0.244473,0.249995,0.255019,0.259516,0.263461,0.266832,0.26961,0.271782,0.27334,0.274284,0.274625,0.274382,0.273587,0.272287,0.270543,0.268431,0.266045,0.263487,0.260862,0.258263,0.255737,0.255737
-0.247669,-0.247669,-0.250383,-0.252982,-0.25546,-0.257767,-0.259846,-0.261637,-0.263087,-0.264151,-0.264797,-0.264998,-0.264738,-0.264007,-0.262802,-0.261123,-0.258977,-0.256372,-0.253318,-0.249828,-0.245916,-0.241598,-0.236889,-0.231805,-0.226364,-0.220583,-0.214477,-0.208065,-0.201362,-0.194385,-0.187149,-0.179671,-0.171964,-0.164043,-0.155923,-0.147616,-0.139136,-0.130493,-0.1217,-0.112769,-0.103708,-0.0945285,-0.0852398,-0.0758507,-0.0663699,-0.0568056,-0.0471657,-0.0374579,-0.0276896,-0.0178681,-0.0080007,0.0019055,0.0118432,0.0218051,0.0317835,0.0417705,0.051758,0.0617372,0.0716988,0.0816329,0.0915289,0.101375,0.11116,0.120868,0.130487,0.140001,0.149391,0.15864,0.167729,0.176636,0.185338,0.193811,0.202031,0.209969,0.217599,0.224891,0.231815,0.238342,0.24444,0.25008,0.255231,0.259866,0.263959,0.267488,0.270431,0.272776,0.274514,0.275642,0.276167,0.276106,0.275485,0.274341,0.272723,0.270693,0.268317,0.265669,0.262819,0.259819,0.256676,0.256676
-0.248781,-0.248781,-0.252029,-0.255004,-0.25772,-0.260156,-0.262276,-0.264045,-0.265428,-0.266395,-0.266924,-0.266998,-0.266606,-0.265743,-0.264409,-0.262608,-0.260346,-0.257632,-0.254478,-0.250896,-0.246901,-0.242508,-0.237732,-0.232589,-0.227095,-0.221267,-0.215122,-0.208675,-0.201942,-0.19494,-0.187683,-0.180187,-0.172466,-0.164535,-0.156406,-0.148093,-0.139608,-0.130964,-0.122171,-0.113241,-0.104183,-0.0950077,-0.0857245,-0.076342,-0.0668689,-0.0573132,-0.0476828,-0.0379853,-0.0282279,-0.0184178,-0.00856223,0.00133189,0.0112574,0.0212072,0.0311739,0.0411498,0.0511269,0.061097,0.071051,0.0809794,0.0908722,0.100718,0.110505,0.120221,0.129852,0.139381,0.148794,0.158072,0.167197,0.176147,0.184902,0.193437,0.201727,0.209746,0.217467,0.224861,0.231899,0.238549,0.244781,0.250565,0.255871,0.260669,0.264933,0.268639,0.271765,0.274295,0.276218,0.27753,0.278232,0.278335,0.277859,0.276833,0.275294,0.273286,0.270859,0.268063,0.264943,0.261528,0.257803,0.257803
-0.250195,-0.250195,-0.253944,-0.257292,-0.260268,-0.262865,-0.265067,-0.266854,-0.268206,-0.269108,-0.269545,-0.26951,-0.268998,-0.268011,-0.26655,-0.264623,-0.262239,-0.259407,-0.256141,-0.252454,-0.24836,-0.243875,-0.239014,-0.233793,-0.228228,-0.222335,-0.21613,-0.209629,-0.202848,-0.195803,-0.188507,-0.180977,-0.173225,-0.165267,-0.157114,-0.148781,-0.140278,-0.131619,-0.122813,-0.113873,-0.104807,-0.0956252,-0.0863375,-0.0769523,-0.0674779,-0.0579223,-0.0482933,-0.0385982,-0.0288442,-0.0190383,-0.00918746,0.000701591,0.010622,0.0205667,0.0305288,0.0405009,0.0504754,0.0604443,0.0703992,0.080331,0.0902301,0.100086,0.109887,0.119622,0.129277,0.138837,0.148287,0.157611,0.166789,0.175801,0.184628,0.193245,0.201628,0.209752,0.217589,0.225111,0.232287,0.239088,0.245481,0.251437,0.256923,0.26191,0.266369,0.270273,0.273601,0.276331,0.27845,0.279948,0.280824,0.281081,0.280733,0.279799,0.278304,0.276281,0.273763,0.270785,0.267373,0.263545,0.259272,0.259272
-0.252031,-0.252031,-0.256248,-0.25996,-0.263203,-0.26598,-0.268287,-0.270118,-0.271464,-0.27232,-0.272683,-0.272552,-0.271929,-0.270819,-0.269231,-0.267174,-0.264659,-0.261699,-0.258308,-0.2545,-0.250291,-0.245697,-0.240733,-0.235415,-0.229759,-0.223781,-0.217498,-0.210925,-0.204077,-0.19697,-0.189617,-0.182035,-0.174236,-0.166235,-0.158044,-0.149675,-0.141141,-0.132453,-0.123623,-0.11466,-0.105575,-0.0963765,-0.0870745,-0.0776771,-0.0681926,-0.0586288,-0.0489932,-0.0392929,-0.029535,-0.0197262,-0.00987307,1.77163e-05,0.00993966,0.0198862,0.0298505,0.0398259,0.049805,0.0597804,0.0697441,0.0796877,0.0896021,0.0994775,0.109303,0.119068,0.128759,0.138363,0.147865,0.157248,0.166496,0.175589,0.184507,0.193226,0.201724,0.209975,0.217952,0.225626,0.232967,0.239945,0.246527,0.252681,0.258375,0.263577,0.268256,0.272383,0.275932,0.27888,0.281208,0.282903,0.283956,0.284365,0.284136,0.283278,0.281808,0.279747,0.277116,0.273937,0.270227,0.265993,0.261203,0.261203
-0.254383,-0.254383,-0.259042,-0.263105,-0.266614,-0.269579,-0.272004,-0.273892,-0.275247,-0.27607,-0.276368,-0.276146,-0.275413,-0.274181,-0.27246,-0.270265,-0.267609,-0.264508,-0.260977,-0.257033,-0.252692,-0.24797,-0.242883,-0.237449,-0.231683,-0.225601,-0.21922,-0.212555,-0.205621,-0.198434,-0.191007,-0.183356,-0.175493,-0.167433,-0.159188,-0.150769,-0.14219,-0.133461,-0.124594,-0.115597,-0.106481,-0.0972562,-0.08793,-0.0785113,-0.069008,-0.0594277,-0.0497777,-0.0400648,-0.0302958,-0.0204772,-0.0106152,-0.000716178,0.00921379,0.0191685,0.0291416,0.0391268,0.0491174,0.0591063,0.0690863,0.0790496,0.0889877,0.0988916,0.108752,0.118557,0.128296,0.137955,0.147522,0.15698,0.166313,0.175503,0.184529,0.193371,0.202004,0.210404,0.218544,0.226395,0.233927,0.241108,0.247906,0.254287,0.260216,0.265661,0.270587,0.274963,0.278757,0.281944,0.2845,0.286405,0.287645,0.288211,0.288101,0.287315,0.285862,0.283752,0.280998,0.277611,0.273602,0.268974,0.263693,0.263693
-0.257332,-0.257332,-0.262411,-0.266812,-0.270582,-0.273735,-0.276282,-0.278235,-0.279603,-0.280398,-0.280632,-0.280319,-0.279473,-0.278112,-0.27625,-0.273905,-0.271095,-0.267838,-0.264151,-0.260052,-0.25556,-0.25069,-0.245462,-0.239891,-0.233994,-0.227788,-0.221289,-0.214513,-0.207474,-0.200188,-0.192669,-0.184931,-0.176988,-0.168853,-0.160539,-0.152057,-0.143419,-0.134636,-0.125718,-0.116677,-0.10752,-0.0982574,-0.0888976,-0.0794486,-0.069918,-0.0603133,-0.0506412,-0.0409086,-0.0311217,-0.0212867,-0.0114095,-0.00149602,0.00844807,0.018417,0.028405,0.0384062,0.0484145,0.0584235,0.0684267,0.0784168,0.0883864,0.0983271,0.10823,0.118085,0.127882,0.137609,0.147253,0.156799,0.166232,0.175534,0.184686,0.193668,0.202457,0.211027,0.219353,0.227405,0.235153,0.242565,0.249606,0.256243,0.262438,0.268154,0.273357,0.278009,0.282077,0.285529,0.288335,0.290471,0.291914,0.29265,0.292667,0.291958,0.290523,0.288364,0.285485,0.281893,0.27759,0.27258,0.266827,0.266827
-0.260953,-0.260953,-0.266433,-0.27116,-0.275183,-0.27852,-0.281187,-0.283201,-0.284581,-0.285344,-0.28551,-0.2851,-0.284132,-0.28263,-0.280614,-0.278105,-0.275124,-0.271692,-0.26783,-0.263556,-0.258892,-0.253854,-0.248462,-0.242733,-0.236685,-0.230334,-0.223696,-0.216788,-0.209625,-0.202222,-0.194592,-0.186751,-0.178711,-0.170486,-0.162087,-0.153527,-0.144817,-0.135967,-0.126988,-0.11789,-0.108682,-0.0993722,-0.0899695,-0.0804815,-0.0709156,-0.0612787,-0.0515775,-0.0418182,-0.0320069,-0.0221493,-0.0122509,-0.00231716,0.00764671,0.0176355,0.027644,0.0376668,0.0476986,0.0577338,0.0677663,0.07779,0.087798,0.097783,0.107737,0.117651,0.127516,0.13732,0.147052,0.156699,0.166245,0.175675,0.18497,0.194109,0.203072,0.211834,0.220368,0.228645,0.236635,0.244304,0.251618,0.25854,0.26503,0.271051,0.276562,0.281523,0.285895,0.289642,0.292727,0.295119,0.296789,0.297715,0.297875,0.297257,0.295851,0.29365,0.290654,0.286862,0.282274,0.276893,0.270682,0.270682
-0.265312,-0.265312,-0.27118,-0.276222,-0.280488,-0.284001,-0.28678,-0.288849,-0.290232,-0.290954,-0.291041,-0.290519,-0.289415,-0.287756,-0.285567,-0.282875,-0.279702,-0.276075,-0.272015,-0.267544,-0.262685,-0.257456,-0.251877,-0.245968,-0.239745,-0.233228,-0.226431,-0.219371,-0.212063,-0.204524,-0.196766,-0.188804,-0.180651,-0.172319,-0.163821,-0.155169,-0.146373,-0.137445,-0.128393,-0.119228,-0.109958,-0.100591,-0.0911369,-0.0816016,-0.0719925,-0.0623162,-0.0525789,-0.0427866,-0.0329448,-0.0230588,-0.0131337,-0.00317436,0.00681452,0.0168283,0.0268623,0.036912,0.0469725,0.0570392,0.0671067,0.0771698,0.0872225,0.0972586,0.107271,0.117252,0.127193,0.137084,0.146915,0.156674,0.166346,0.175917,0.18537,0.194684,0.20384,0.212813,0.221577,0.230103,0.238361,0.246315,0.253931,0.261169,0.267988,0.274346,0.2802,0.285505,0.290217,0.294293,0.297691,0.300372,0.3023,0.303442,0.303771,0.303264,0.301905,0.299678,0.296578,0.292597,0.287736,0.281994,0.275335,0.275335
-0.270478,-0.270478,-0.276724,-0.28207,-0.28657,-0.290246,-0.293126,-0.295236,-0.296608,-0.297272,-0.297262,-0.29661,-0.295349,-0.293511,-0.291127,-0.288226,-0.284838,-0.28099,-0.276707,-0.272013,-0.266933,-0.261488,-0.255699,-0.249585,-0.243165,-0.236458,-0.229479,-0.222247,-0.214775,-0.20708,-0.199175,-0.191075,-0.182792,-0.174339,-0.165728,-0.15697,-0.148076,-0.139056,-0.12992,-0.120677,-0.111336,-0.101904,-0.0923895,-0.0827991,-0.0731395,-0.063417,-0.0536373,-0.043806,-0.0339281,-0.0240084,-0.0140515,-0.00406169,0.00595688,0.0160002,0.0260643,0.0361454,0.0462393,0.0563422,0.0664497,0.0765574,0.0866604,0.0967535,0.106831,0.116886,0.126911,0.136898,0.146837,0.156718,0.166528,0.176253,0.185878,0.195384,0.20475,0.213954,0.222969,0.231768,0.240319,0.248587,0.256535,0.264121,0.271303,0.278035,0.28427,0.289958,0.29505,0.299496,0.303247,0.306255,0.308477,0.309871,0.310401,0.310036,0.308748,0.306519,0.303332,0.299179,0.294056,0.287962,0.280861,0.280861
-0.276519,-0.276519,-0.283136,-0.288776,-0.293498,-0.297325,-0.300288,-0.302421,-0.303761,-0.304346,-0.304215,-0.303407,-0.301962,-0.299917,-0.297308,-0.294171,-0.290538,-0.286439,-0.281904,-0.276959,-0.271631,-0.265942,-0.259915,-0.253571,-0.24693,-0.240009,-0.232827,-0.2254,-0.217744,-0.209874,-0.201804,-0.193548,-0.185119,-0.17653,-0.167791,-0.158914,-0.14991,-0.140788,-0.131557,-0.122227,-0.112805,-0.103299,-0.0937158,-0.084063,-0.0743462,-0.0645712,-0.0547434,-0.0448676,-0.0349485,-0.0249904,-0.0149972,-0.00497258,0.00507984,0.0151568,0.0252549,0.0353713,0.0455026,0.0556458,0.0657975,0.0759543,0.0861124,0.0962677,0.106415,0.11655,0.126666,0.136757,0.146813,0.156826,0.166784,0.176676,0.186486,0.196198,0.205792,0.215246,0.224534,0.23363,0.2425,0.251109,0.25942,0.267389,0.27497,0.282115,0.288772,0.294886,0.300403,0.305264,0.309413,0.312795,0.315356,0.317045,0.317817,0.31763,0.316449,0.314245,0.310997,0.306692,0.30132,0.294883,0.287343,0.287343
-0.283505,-0.283505,-0.29049,-0.296417,-0.301346,-0.305307,-0.308334,-0.310466,-0.311747,-0.312223,-0.31194,-0.310944,-0.309281,-0.306995,-0.304128,-0.300719,-0.296806,-0.292423,-0.287603,-0.282376,-0.276768,-0.270806,-0.264513,-0.257912,-0.251022,-0.243864,-0.236455,-0.228811,-0.22095,-0.212886,-0.204633,-0.196205,-0.187614,-0.178873,-0.169993,-0.160985,-0.151858,-0.142623,-0.133287,-0.12386,-0.114349,-0.104761,-0.0951032,-0.0853813,-0.0756012,-0.0657681,-0.0558868,-0.0459618,-0.0359971,-0.0259963,-0.0159628,-0.00589977,0.00419003,0.014304,0.0244396,0.0345945,0.0447666,0.0549535,0.065153,0.0753627,0.0855799,0.0958016,0.106025,0.116245,0.126458,0.136658,0.146839,0.156992,0.167109,0.177178,0.187186,0.197119,0.206956,0.216678,0.226261,0.235675,0.244891,0.253871,0.262577,0.270964,0.278983,0.286582,0.293706,0.300294,0.306284,0.311612,0.316212,0.320021,0.322974,0.32501,0.326072,0.326109,0.325076,0.322935,0.319657,0.315222,0.30962,0.302848,0.294868,0.294868
-0.291513,-0.291513,-0.298865,-0.30507,-0.310194,-0.314268,-0.317332,-0.319433,-0.320623,-0.320953,-0.320479,-0.319255,-0.317334,-0.314766,-0.311599,-0.307878,-0.303646,-0.298941,-0.293799,-0.288253,-0.282332,-0.276065,-0.269475,-0.262587,-0.255423,-0.248001,-0.240341,-0.232459,-0.224371,-0.216094,-0.20764,-0.199023,-0.190255,-0.181349,-0.172315,-0.163163,-0.153903,-0.144544,-0.135094,-0.125562,-0.115954,-0.106277,-0.0965373,-0.0867405,-0.0768917,-0.0669956,-0.0570564,-0.047078,-0.0370638,-0.0270169,-0.0169399,-0.00683533,0.00329476,0.0134485,0.0236242,0.0338205,0.044036,0.0542694,0.0645195,0.074785,0.0850645,0.0953563,0.105659,0.115969,0.126283,0.136599,0.146911,0.157212,0.167496,0.177752,0.187971,0.198136,0.208233,0.218241,0.228137,0.237895,0.247481,0.256862,0.265996,0.274837,0.283334,0.291433,0.299071,0.306184,0.312703,0.318556,0.323668,0.327964,0.33137,0.333813,0.335225,0.335542,0.334707,0.332673,0.329402,0.324867,0.319053,0.311955,0.303534,0.303534
-0.300627,-0.300627,-0.308347,-0.314822,-0.320123,-0.324286,-0.327358,-0.329392,-0.330448,-0.330589,-0.329878,-0.328377,-0.326148,-0.323249,-0.319734,-0.315655,-0.311058,-0.305988,-0.300482,-0.294578,-0.288306,-0.281698,-0.27478,-0.267575,-0.260107,-0.252395,-0.24446,-0.236317,-0.227982,-0.219472,-0.2108,-0.201978,-0.193019,-0.183933,-0.174732,-0.165426,-0.156022,-0.146531,-0.136959,-0.127314,-0.117602,-0.10783,-0.0980031,-0.0881263,-0.0782042,-0.068241,-0.0582402,-0.048205,-0.0381383,-0.0280423,-0.0179193,-0.00777075,0.00240188,0.0125975,0.0228154,0.033055,0.0433159,0.0535978,0.0639006,0.0742242,0.0845685,0.0949331,0.105318,0.115721,0.126142,0.136577,0.147026,0.157481,0.16794,0.178393,0.188831,0.199243,0.209613,0.219924,0.230153,0.240276,0.25026,0.260071,0.269666,0.279,0.288018,0.296662,0.304867,0.312562,0.31967,0.326112,0.331803,0.336656,0.340587,0.343508,0.345337,0.345999,0.345423,0.34355,0.340331,0.335731,0.329728,0.322316,0.31345,0.31345
-0.31094,-0.31094,-0.31903,-0.325767,-0.331226,-0.335449,-0.33849,-0.340412,-0.341286,-0.341183,-0.340178,-0.338343,-0.335749,-0.332462,-0.328543,-0.324051,-0.319039,-0.313553,-0.307638,-0.301332,-0.294669,-0.287683,-0.2804,-0.272847,-0.265046,-0.257017,-0.248781,-0.240355,-0.231753,-0.222992,-0.214084,-0.205042,-0.195877,-0.1866,-0.177222,-0.16775,-0.158194,-0.148562,-0.138861,-0.129096,-0.119275,-0.109403,-0.0994838,-0.0895229,-0.079524,-0.0694904,-0.0594251,-0.0493306,-0.039209,-0.0290621,-0.0188911,-0.00869696,0.00151974,0.0117588,0.0220202,0.0323044,0.0426119,0.0529437,0.0633006,0.0736839,0.0840946,0.0945339,0.105003,0.115502,0.126032,0.136592,0.14718,0.157796,0.168435,0.179092,0.18976,0.200429,0.211086,0.221716,0.232298,0.242807,0.253214,0.263485,0.273576,0.283442,0.293025,0.302265,0.311092,0.31943,0.327194,0.334296,0.340641,0.346131,0.350667,0.354147,0.356475,0.357559,0.357314,0.355665,0.352553,0.34793,0.341768,0.334054,0.324739,0.324739
-0.322555,-0.322555,-0.331021,-0.33801,-0.343604,-0.34785,-0.350815,-0.352571,-0.353202,-0.352791,-0.351425,-0.349188,-0.34616,-0.342418,-0.338031,-0.333065,-0.327578,-0.321622,-0.315246,-0.308491,-0.301394,-0.293989,-0.286305,-0.27837,-0.270205,-0.261833,-0.253272,-0.244539,-0.23565,-0.22662,-0.21746,-0.208183,-0.1988,-0.189321,-0.179755,-0.17011,-0.160394,-0.150614,-0.140777,-0.130888,-0.120953,-0.110976,-0.100962,-0.090914,-0.0808356,-0.0707294,-0.0605976,-0.0504421,-0.0402643,-0.0300651,-0.0198451,-0.00960445,0.000657127,0.0109402,0.0212458,0.0315752,0.0419301,0.0523123,0.062724,0.0731677,0.0836458,0.0941609,0.104716,0.115312,0.125953,0.13664,0.147373,0.158153,0.168978,0.179846,0.190752,0.201688,0.212644,0.223607,0.234559,0.245476,0.256332,0.267092,0.277714,0.288152,0.298347,0.308235,0.317744,0.32679,0.335282,0.343124,0.350207,0.356423,0.361656,0.36579,0.36871,0.370306,0.370477,0.36913,0.366189,0.361594,0.355307,0.347308,0.337542,0.337542
-0.335593,-0.335593,-0.34444,-0.351669,-0.357367,-0.361595,-0.364427,-0.365952,-0.366266,-0.36547,-0.363663,-0.360943,-0.357402,-0.353127,-0.348199,-0.342688,-0.33666,-0.330174,-0.32328,-0.316024,-0.308446,-0.30058,-0.292457,-0.284104,-0.275545,-0.266801,-0.257891,-0.248831,-0.239635,-0.230319,-0.220893,-0.211369,-0.201756,-0.192065,-0.182302,-0.172476,-0.162594,-0.152661,-0.142684,-0.132667,-0.122614,-0.112531,-0.102419,-0.0922821,-0.0821227,-0.0719427,-0.0617436,-0.0515264,-0.0412918,-0.03104,-0.0207708,-0.0104835,-0.000176964,0.0101502,0.0204999,0.0308744,0.0412765,0.0517091,0.0621756,0.0726797,0.0832253,0.0938166,0.104458,0.115153,0.125906,0.136721,0.147601,0.158548,0.169563,0.180647,0.191798,0.20301,0.214276,0.225586,0.236924,0.248271,0.259599,0.270878,0.282066,0.293117,0.303971,0.314563,0.324815,0.334641,0.343941,0.352608,0.360524,0.367566,0.373601,0.378496,0.382117,0.384332,0.385018,0.384064,0.381373,0.37687,0.370501,0.362239,0.352019,0.352019
-0.35019,-0.35019,-0.359425,-0.366877,-0.372645,-0.376799,-0.37943,-0.380643,-0.380554,-0.379279,-0.376935,-0.373637,-0.36949,-0.364594,-0.359038,-0.352904,-0.346262,-0.339178,-0.331705,-0.323893,-0.315783,-0.307411,-0.298809,-0.290005,-0.281021,-0.271878,-0.262594,-0.253186,-0.243666,-0.234048,-0.224343,-0.21456,-0.204709,-0.194797,-0.184832,-0.17482,-0.164766,-0.154677,-0.144557,-0.134409,-0.124238,-0.114046,-0.103835,-0.0936093,-0.0833687,-0.0731149,-0.0628486,-0.0525701,-0.0422792,-0.0319753,-0.0216575,-0.0113241,-0.000973444,0.009397,0.01979,0.0302089,0.0406574,0.0511395,0.0616601,0.072224,0.0828365,0.0935034,0.104231,0.115024,0.12589,0.136834,0.147862,0.158978,0.170187,0.181491,0.192891,0.204386,0.215972,0.227641,0.239382,0.251176,0.263001,0.274828,0.286617,0.298321,0.309884,0.321237,0.332299,0.342979,0.353172,0.362759,0.371613,0.379592,0.386549,0.392329,0.396775,0.399733,0.401054,0.400602,0.398256,0.393921,0.387525,0.379028,0.368355,0.368355
-0.366506,-0.366506,-0.376135,-0.38379,-0.389581,-0.393594,-0.395938,-0.396742,-0.396141,-0.394276,-0.391283,-0.387295,-0.382435,-0.376814,-0.370535,-0.363688,-0.356351,-0.348594,-0.340477,-0.332049,-0.323354,-0.314431,-0.30531,-0.296018,-0.286578,-0.27701,-0.267331,-0.257555,-0.247696,-0.237763,-0.227768,-0.217717,-0.20762,-0.197482,-0.187309,-0.177107,-0.166881,-0.156633,-0.146369,-0.13609,-0.1258,-0.1155,-0.105192,-0.0948774,-0.0845567,-0.0742303,-0.0638981,-0.0535596,-0.0432139,-0.0328594,-0.0224945,-0.0121167,-0.00172338,0.00868883,0.0191237,0.0295854,0.0400787,0.0506091,0.0611822,0.0718044,0.0824826,0.093224,0.104036,0.114927,0.125905,0.136977,0.148153,0.159439,0.170843,0.18237,0.194025,0.205809,0.217722,0.229761,0.241917,0.254177,0.266521,0.278923,0.291346,0.303747,0.316068,0.32824,0.340183,0.351798,0.362974,0.373586,0.383491,0.392533,0.400546,0.407352,0.41277,0.416616,0.418713,0.418893,0.417009,0.412935,0.40658,0.397885,0.386763,0.386763
-0.384726,-0.384726,-0.394757,-0.402585,-0.408341,-0.412127,-0.414079,-0.414352,-0.413111,-0.410521,-0.406744,-0.401936,-0.396236,-0.389774,-0.382663,-0.375004,-0.366882,-0.358373,-0.349538,-0.340432,-0.331099,-0.321577,-0.311895,-0.302082,-0.292157,-0.28214,-0.272045,-0.261886,-0.251672,-0.241415,-0.23112,-0.220796,-0.210447,-0.20008,-0.189698,-0.179306,-0.168906,-0.158501,-0.148093,-0.137685,-0.127278,-0.116872,-0.106469,-0.0960679,-0.0856697,-0.0752733,-0.0648778,-0.0544819,-0.0440838,-0.0336813,-0.0232717,-0.0128519,-0.00241827,0.00803341,0.0185078,0.0290101,0.0395462,0.0501225,0.0607461,0.0714247,0.0821664,0.0929802,0.103875,0.114862,0.12595,0.13715,0.148473,0.159929,0.171528,0.183279,0.19519,0.207267,0.219514,0.231931,0.244515,0.257256,0.27014,0.283143,0.296234,0.309372,0.322501,0.335554,0.348447,0.361082,0.373341,0.385089,0.396171,0.406417,0.415637,0.423631,0.430189,0.435093,0.438132,0.439103,0.43782,0.434125,0.427897,0.419054,0.40749,0.40749
-0.405073,-0.405073,-0.415509,-0.423474,-0.429116,-0.432567,-0.433994,-0.433588,-0.431547,-0.428071,-0.423351,-0.417569,-0.410885,-0.403447,-0.395383,-0.386801,-0.377796,-0.368448,-0.358822,-0.348973,-0.338945,-0.328776,-0.318495,-0.308127,-0.297691,-0.287202,-0.276674,-0.266118,-0.25554,-0.24495,-0.234351,-0.22375,-0.213149,-0.202552,-0.191962,-0.18138,-0.170809,-0.16025,-0.149703,-0.139169,-0.128648,-0.118141,-0.107646,-0.0971631,-0.0866913,-0.0762288,-0.0657739,-0.0553244,-0.0448776,-0.0344305,-0.0239797,-0.0135211,-0.00305029,0.00743777,0.0179487,0.0284887,0.0390647,0.0496842,0.0603554,0.0710874,0.0818899,0.0927734,0.103749,0.114828,0.126024,0.13735,0.148817,0.160441,0.172234,0.184209,0.196377,0.20875,0.221334,0.234136,0.247157,0.260393,0.273835,0.287464,0.301254,0.315168,0.329155,0.34315,0.357069,0.370812,0.384257,0.397262,0.40966,0.421263,0.431863,0.44123,0.449121,0.455284,0.459465,0.461415,0.460905,0.457735,0.451742,0.442816,0.430826,0.430826
-0.42781,-0.42781,-0.438654,-0.4467,-0.452128,-0.455104,-0.45584,-0.454569,-0.451535,-0.446979,-0.441128,-0.434192,-0.426358,-0.417793,-0.408637,-0.399012,-0.389019,-0.37874,-0.368244,-0.357585,-0.346808,-0.335947,-0.325029,-0.314076,-0.303104,-0.292126,-0.281151,-0.270187,-0.25924,-0.248313,-0.237409,-0.226531,-0.21568,-0.204857,-0.194062,-0.183296,-0.172559,-0.161851,-0.15117,-0.140516,-0.129888,-0.119285,-0.108705,-0.0981458,-0.0876059,-0.0770828,-0.0665736,-0.0560754,-0.0455846,-0.0350976,-0.0246098,-0.0141166,-0.00361268,0.00690791,0.0174516,0.0280257,0.038638,0.0492971,0.0600125,0.0707945,0.0816543,0.0926039,0.103656,0.114825,0.126125,0.137572,0.149182,0.16097,0.172954,0.185151,0.197576,0.210243,0.223167,0.236358,0.249823,0.263565,0.27758,0.291857,0.306375,0.321104,0.335997,0.350993,0.366013,0.380956,0.395697,0.410089,0.423953,0.437086,0.449256,0.460206,0.469657,0.477314,0.482872,0.486032,0.486508,0.484043,0.478426,0.469503,0.457112,0.457112
-0.45326,-0.45326,-0.464506,-0.472558,-0.477637,-0.479958,-0.47979,-0.477425,-0.473162,-0.467292,-0.460085,-0.451787,-0.442612,-0.432748,-0.422351,-0.411551,-0.400456,-0.389151,-0.377704,-0.36617,-0.354589,-0.342993,-0.331404,-0.319841,-0.308314,-0.296833,-0.285403,-0.274028,-0.262708,-0.251446,-0.24024,-0.22909,-0.217994,-0.206951,-0.19596,-0.185018,-0.174124,-0.163275,-0.152469,-0.141704,-0.130977,-0.120286,-0.109628,-0.0990001,-0.0883994,-0.0778223,-0.0672654,-0.0567247,-0.0461959,-0.0356743,-0.025155,-0.0146323,-0.00410002,0.00644846,0.0170205,0.0276243,0.0382686,0.0489631,0.0597185,0.0705464,0.0814592,0.0924707,0.103595,0.114849,0.126249,0.137813,0.14956,0.161508,0.17368,0.186094,0.198772,0.211732,0.224995,0.238576,0.252489,0.266744,0.281345,0.296287,0.311559,0.327136,0.342981,0.359039,0.375235,0.391471,0.407623,0.423538,0.439031,0.453882,0.467838,0.480611,0.491883,0.501309,0.50853,0.513179,0.514901,0.513371,0.508309,0.499506,0.486753,0.486753
-0.481815,-0.481815,-0.493445,-0.501397,-0.505946,-0.507378,-0.506036,-0.50229,-0.496508,-0.489042,-0.480216,-0.470313,-0.45958,-0.448226,-0.436422,-0.424307,-0.411991,-0.399563,-0.387087,-0.374613,-0.362178,-0.349808,-0.337521,-0.325327,-0.313233,-0.301241,-0.289353,-0.277567,-0.26588,-0.254288,-0.242788,-0.231376,-0.220046,-0.208796,-0.197619,-0.186513,-0.175473,-0.164495,-0.153575,-0.142709,-0.131894,-0.121125,-0.110399,-0.099712,-0.0890591,-0.0784365,-0.0678397,-0.0572638,-0.0467039,-0.0361546,-0.0256099,-0.0150635,-0.0045086,0.00606236,0.0166576,0.0272859,0.0379573,0.0486824,0.0594729,0.0703416,0.0813025,0.0923707,0.103563,0.114896,0.12639,0.138065,0.149942,0.162045,0.174397,0.187024,0.199949,0.213198,0.226795,0.240764,0.255126,0.269897,0.285091,0.300712,0.316759,0.333216,0.350055,0.36723,0.384675,0.402298,0.419979,0.437562,0.454858,0.471634,0.487615,0.502483,0.515877,0.527399,0.536621,0.5431,0.546395,0.54609,0.541817,0.533289,0.520234,0.520234
-0.513961,-0.513961,-0.52594,-0.533639,-0.537415,-0.537649,-0.534787,-0.529299,-0.521642,-0.512244,-0.501487,-0.489701,-0.477166,-0.464111,-0.450721,-0.437142,-0.423486,-0.409836,-0.396254,-0.382782,-0.36945,-0.356275,-0.343268,-0.330431,-0.317764,-0.305263,-0.292921,-0.280733,-0.268688,-0.25678,-0.245,-0.23334,-0.221792,-0.210349,-0.199003,-0.187748,-0.176577,-0.165485,-0.154465,-0.143513,-0.132622,-0.121788,-0.111006,-0.10027,-0.089575,-0.0789165,-0.0682889,-0.0576865,-0.0471036,-0.036534,-0.0259711,-0.0154079,-0.00483677,0.00575052,0.0163629,0.0270102,0.037703,0.048453,0.059273,0.0701769,0.0811799,0.0922988,0.103552,0.114958,0.126539,0.138318,0.150319,0.162568,0.175093,0.187923,0.201087,0.214616,0.228541,0.242893,0.257698,0.272985,0.288775,0.305083,0.321919,0.339279,0.357148,0.375493,0.394256,0.413358,0.432685,0.452087,0.47137,0.490295,0.508566,0.525837,0.541701,0.555701,0.567333,0.57606,0.581336,0.582627,0.57945,0.571409,0.558143,0.558143
-0.550312,-0.550312,-0.562569,-0.569795,-0.572463,-0.571091,-0.566266,-0.558585,-0.548618,-0.536882,-0.52383,-0.509843,-0.495232,-0.480248,-0.465084,-0.44989,-0.434772,-0.419808,-0.405049,-0.390529,-0.376265,-0.362265,-0.348527,-0.335045,-0.321809,-0.308808,-0.296026,-0.283451,-0.271067,-0.258863,-0.246823,-0.234936,-0.22319,-0.211575,-0.200079,-0.188694,-0.177412,-0.166223,-0.155121,-0.144097,-0.133146,-0.122261,-0.111436,-0.100664,-0.0899396,-0.0792564,-0.0686083,-0.0579891,-0.0473923,-0.0368109,-0.0262378,-0.0156654,-0.00508521,0.0055115,0.0161344,0.0267941,0.037502,0.0482706,0.0591137,0.0700463,0.0810849,0.0922475,0.103554,0.115025,0.126686,0.13856,0.150675,0.16306,0.175748,0.18877,0.202162,0.21596,0.230202,0.244924,0.260165,0.27596,0.292341,0.309338,0.32697,0.345251,0.364178,0.383735,0.40388,0.424548,0.445638,0.467009,0.488473,0.509785,0.530638,0.550656,0.56939,0.586319,0.600851,0.612342,0.620112,0.623479,0.621804,0.614541,0.6012,0.6012
-0.591643,-0.591643,-0.604055,-0.610485,-0.611586,-0.608067,-0.600704,-0.590262,-0.577452,-0.562898,-0.54713,-0.530582,-0.513596,-0.496438,-0.479307,-0.462345,-0.445651,-0.429289,-0.413296,-0.39769,-0.382473,-0.367638,-0.353172,-0.339055,-0.325267,-0.311784,-0.298586,-0.285649,-0.272953,-0.260478,-0.248206,-0.236119,-0.224201,-0.212439,-0.200818,-0.189327,-0.177955,-0.166691,-0.155525,-0.14445,-0.133456,-0.122537,-0.111684,-0.10089,-0.0901487,-0.0794531,-0.0687961,-0.0581708,-0.0475701,-0.0369863,-0.0264119,-0.0158385,-0.00525726,0.00534132,0.0159675,0.0266324,0.0373482,0.0481284,0.0589874,0.0699414,0.0810079,0.0922064,0.103558,0.115086,0.126815,0.138774,0.150992,0.163502,0.176338,0.189539,0.203145,0.217196,0.231739,0.246817,0.262477,0.278766,0.295728,0.313404,0.331832,0.351039,0.371042,0.391843,0.413423,0.435734,0.458697,0.482186,0.506027,0.529978,0.553728,0.576878,0.59894,0.619324,0.637348,0.652236,0.66315,0.669216,0.669587,0.663508,0.650299,0.650299
-0.63896,-0.63896,-0.651308,-0.656471,-0.655364,-0.648972,-0.638328,-0.624415,-0.608114,-0.590174,-0.571207,-0.551697,-0.532014,-0.512431,-0.493138,-0.474266,-0.455894,-0.438066,-0.420797,-0.404085,-0.387911,-0.372251,-0.357074,-0.342346,-0.328034,-0.314103,-0.300522,-0.287259,-0.274286,-0.261576,-0.249105,-0.236851,-0.224793,-0.212914,-0.201197,-0.189627,-0.17819,-0.166875,-0.155669,-0.144562,-0.133545,-0.122609,-0.111745,-0.100945,-0.0902019,-0.0795073,-0.0688539,-0.0582342,-0.0476403,-0.0370644,-0.0264981,-0.0159328,-0.005359,0.00523315,0.0158546,0.0265169,0.037233,0.0480168,0.0588838,0.0698509,0.0809368,0.0921618,0.103549,0.115122,0.12691,0.138941,0.151248,0.163868,0.176838,0.190201,0.204001,0.218286,0.233108,0.248519,0.264577,0.281338,0.298859,0.317197,0.336405,0.356531,0.377614,0.399677,0.422728,0.446747,0.47168,0.497428,0.523839,0.550689,0.57767,0.604375,0.630281,0.654737,0.676958,0.696027,0.710909,0.720493,0.723648,0.719326,0.706569,0.706569
-0.693574,-0.693574,-0.705487,-0.70868,-0.704466,-0.694227,-0.679341,-0.661069,-0.640495,-0.618504,-0.595794,-0.57289,-0.550175,-0.527914,-0.506278,-0.48537,-0.465241,-0.445902,-0.427339,-0.409523,-0.39241,-0.375952,-0.360101,-0.344804,-0.330012,-0.315679,-0.301761,-0.288218,-0.275012,-0.26211,-0.249482,-0.2371,-0.224939,-0.212979,-0.201198,-0.18958,-0.178107,-0.166767,-0.155545,-0.14443,-0.133411,-0.122478,-0.111622,-0.100833,-0.0901028,-0.0794235,-0.068787,-0.0581851,-0.0476097,-0.0370523,-0.0265044,-0.0159567,-0.00539959,0.00517739,0.0157854,0.0264366,0.0371444,0.0479234,0.0587895,0.0697606,0.0808561,0.0920975,0.103509,0.115116,0.126948,0.139037,0.151419,0.16413,0.177215,0.190718,0.204689,0.219183,0.234257,0.249973,0.266397,0.283598,0.301647,0.320616,0.340577,0.361599,0.383746,0.40707,0.431608,0.457376,0.484356,0.512486,0.54165,0.571655,0.602214,0.632928,0.663255,0.692492,0.719755,0.743969,0.763872,0.77805,0.785001,0.78326,0.771449,0.771449
-0.757227,-0.757227,-0.768074,-0.76824,-0.759652,-0.744253,-0.723885,-0.700151,-0.674369,-0.647568,-0.620516,-0.593763,-0.567681,-0.542507,-0.518371,-0.495333,-0.473398,-0.452536,-0.432693,-0.413804,-0.395796,-0.378594,-0.362126,-0.346319,-0.331109,-0.316434,-0.302238,-0.288471,-0.275087,-0.262044,-0.249307,-0.236843,-0.224622,-0.21262,-0.200812,-0.189179,-0.177703,-0.166367,-0.155156,-0.144057,-0.133059,-0.12215,-0.11132,-0.100559,-0.0898591,-0.0792103,-0.0686045,-0.0580334,-0.0474884,-0.0369609,-0.0264418,-0.0159218,-0.00539099,0.00516138,0.0157469,0.0263779,0.0370682,0.0478329,0.0586885,0.0696533,0.0807475,0.0919937,0.103417,0.115044,0.126906,0.139036,0.151473,0.164256,0.177432,0.19105,0.205165,0.219836,0.235128,0.251112,0.267863,0.285461,0.303993,0.323546,0.344214,0.36609,0.389263,0.41382,0.439834,0.467364,0.496437,0.527043,0.559116,0.592515,0.626999,0.662197,0.697575,0.732401,0.765703,0.796245,0.822509,0.842708,0.854854,0.856892,0.846814,0.846814
-0.832263,-0.832263,-0.84097,-0.836512,-0.821751,-0.799426,-0.771981,-0.741434,-0.70935,-0.676887,-0.644858,-0.613799,-0.58404,-0.555754,-0.529006,-0.503789,-0.480046,-0.45769,-0.43662,-0.416726,-0.397898,-0.380033,-0.363028,-0.346793,-0.331243,-0.316302,-0.3019,-0.287977,-0.274477,-0.261353,-0.248562,-0.236067,-0.223833,-0.211832,-0.200038,-0.188427,-0.17698,-0.165679,-0.154508,-0.143452,-0.132498,-0.121635,-0.110851,-0.100137,-0.0894831,-0.0788801,-0.0683194,-0.0577923,-0.04729,-0.0368038,-0.0263246,-0.0158427,-0.0053482,0.00516983,0.0157231,0.0263242,0.0369872,0.0477275,0.0585619,0.0695091,0.0805901,0.0918279,0.103248,0.11488,0.126754,0.138907,0.151377,0.164208,0.177448,0.191151,0.205376,0.220187,0.235656,0.251862,0.268888,0.286829,0.305784,0.325859,0.347168,0.369829,0.393964,0.419695,0.447138,0.476401,0.507571,0.540701,0.575797,0.612794,0.651523,0.69168,0.732777,0.774088,0.814589,0.852898,0.887223,0.915341,0.93463,0.942215,0.935134,0.935134
-0.921878,-0.921878,-0.926616,-0.915099,-0.891607,-0.859987,-0.823442,-0.78445,-0.744815,-0.705777,-0.668131,-0.632345,-0.598652,-0.567121,-0.537717,-0.510338,-0.484844,-0.46108,-0.438882,-0.41809,-0.398555,-0.380135,-0.362703,-0.346142,-0.330349,-0.315231,-0.300708,-0.286706,-0.273164,-0.260026,-0.247242,-0.234771,-0.222575,-0.210622,-0.198883,-0.187334,-0.175952,-0.164719,-0.153616,-0.142629,-0.131743,-0.120948,-0.110231,-0.099582,-0.0889914,-0.0784498,-0.0679484,-0.0574785,-0.0470314,-0.0365982,-0.0261698,-0.0157367,-0.00528882,0.00518474,0.0156956,0.0262567,0.0368819,0.0475868,0.0583885,0.0693059,0.0803603,0.0915753,0.102977,0.114595,0.126462,0.138615,0.151094,0.163945,0.177219,0.190971,0.205267,0.220174,0.23577,0.252141,0.269382,0.287596,0.306898,0.327412,0.349273,0.372625,0.397624,0.42443,0.453209,0.484126,0.517337,0.552976,0.591142,0.631873,0.675112,0.720668,0.768154,0.816912,0.865929,0.913726,0.958254,0.996802,1.02597,1.04174,1.03972,1.03972
-1.03048,-1.03048,-1.02812,-1.00581,-0.969958,-0.925897,-0.877728,-0.828384,-0.779831,-0.733289,-0.689439,-0.648591,-0.610807,-0.576,-0.543989,-0.514551,-0.487441,-0.462418,-0.439247,-0.417714,-0.39762,-0.378789,-0.361062,-0.344299,-0.328377,-0.313189,-0.298641,-0.28465,-0.271144,-0.258064,-0.245353,-0.232966,-0.220862,-0.209006,-0.197368,-0.18592,-0.174639,-0.163505,-0.152501,-0.141609,-0.130817,-0.120112,-0.109481,-0.0989155,-0.0884047,-0.0779398,-0.0675118,-0.0571123,-0.0467325,-0.0363639,-0.0259973,-0.0156237,-0.00523274,0.00518595,0.0156442,0.0261544,0.0367309,0.0473887,0.0581453,0.0690195,0.0800328,0.0912088,0.102574,0.114159,0.125997,0.138125,0.150585,0.163424,0.176696,0.190459,0.204778,0.219729,0.235394,0.251865,0.269245,0.287649,0.307204,0.328052,0.350349,0.374267,0.399993,0.427731,0.457699,0.490125,0.525246,0.563291,0.604477,0.648976,0.696889,0.748195,0.802685,0.859864,0.918832,0.978121,1.0355,1.08779,1.13065,1.15858,1.16506,1.16506
-1.16417,-1.16417,-1.14934,-1.11052,-1.0572,-0.996595,-0.933744,-0.871913,-0.813044,-0.758154,-0.707652,-0.661562,-0.61969,-0.581718,-0.547279,-0.515992,-0.48749,-0.461432,-0.437507,-0.415437,-0.394975,-0.375908,-0.358045,-0.341226,-0.325307,-0.310166,-0.295699,-0.281814,-0.268432,-0.255486,-0.242918,-0.230678,-0.218722,-0.207013,-0.195519,-0.184213,-0.173069,-0.162068,-0.151191,-0.140422,-0.129746,-0.119152,-0.108627,-0.0981624,-0.0877477,-0.077374,-0.0670331,-0.0567164,-0.0464159,-0.0361229,-0.0258292,-0.0155253,-0.0052019,0.00515168,0.0155464,0.0259951,0.036511,0.0471097,0.0578078,0.0686245,0.0795808,0.0907006,0.10201,0.11354,0.125324,0.1374,0.14981,0.162602,0.175831,0.189558,0.20385,0.218786,0.234452,0.250946,0.268377,0.286872,0.306567,0.327622,0.350211,0.374533,0.400808,0.429282,0.460226,0.49394,0.530744,0.570982,0.615004,0.663154,0.715739,0.772982,0.834946,0.901434,0.971819,1.04483,1.11826,1.18855,1.25045,1.29655,1.31727,1.31727
-1.33142,-1.33142,-1.29487,-1.23081,-1.15295,-1.07061,-0.989556,-0.913026,-0.842579,-0.77873,-0.721387,-0.670132,-0.624396,-0.583563,-0.547031,-0.514236,-0.48467,-0.457885,-0.433486,-0.411134,-0.390535,-0.371437,-0.353624,-0.336911,-0.32114,-0.306177,-0.291905,-0.278227,-0.265059,-0.252329,-0.239974,-0.227944,-0.216192,-0.20468,-0.193376,-0.18225,-0.17128,-0.160443,-0.149721,-0.139099,-0.128562,-0.118099,-0.107699,-0.0973517,-0.0870477,-0.0767794,-0.066538,-0.0563163,-0.0461059,-0.0358996,-0.0256887,-0.0154651,-0.00521909,0.00505873,0.0153796,0.0257552,0.036199,0.0467255,0.0573514,0.0680952,0.0789777,0.0900222,0.101255,0.112707,0.12441,0.136403,0.148728,0.161434,0.174577,0.188216,0.202423,0.217277,0.232867,0.249296,0.266679,0.285148,0.304853,0.325962,0.348671,0.373199,0.399799,0.428755,0.460393,0.495081,0.533231,0.575305,0.62181,0.67329,0.730306,0.7934,0.863033,0.939465,1.02258,1.11163,1.20475,1.29843,1.38666,1.46,1.50471,1.50471
-1.54374,-1.54374,-1.4696,-1.36716,-1.25527,-1.14498,-1.04201,-0.948806,-0.865938,-0.792976,-0.729029,-0.673047,-0.623972,-0.580821,-0.542718,-0.508899,-0.478708,-0.451586,-0.427061,-0.404731,-0.384261,-0.365366,-0.347805,-0.331377,-0.315911,-0.301261,-0.287305,-0.27394,-0.261077,-0.248643,-0.236573,-0.224815,-0.213323,-0.202057,-0.190985,-0.180078,-0.169314,-0.15867,-0.14813,-0.137678,-0.127302,-0.116989,-0.10673,-0.0965143,-0.0863354,-0.0761843,-0.0660545,-0.0559382,-0.0458288,-0.0357186,-0.0256007,-0.0154666,-0.00530826,0.00488407,0.0151201,0.0254117,0.0357709,0.0462123,0.0567513,0.0674063,0.078197,0.0891464,0.10028,0.111627,0.123221,0.135098,0.147302,0.159879,0.172885,0.186382,0.200439,0.215138,0.230568,0.246835,0.264057,0.282371,0.301933,0.322923,0.345549,0.370051,0.396704,0.42583,0.457801,0.493052,0.532083,0.575476,0.6239,0.678121,0.738995,0.80746,0.884489,0.97101,1.06773,1.17483,1.29148,1.41492,1.53922,1.65327,1.73851,1.73851
-1.81605,-1.81605,-1.67735,-1.51734,-1.3594,-1.21443,-1.08628,-0.975243,-0.87996,-0.798485,-0.728792,-0.669005,-0.617483,-0.572832,-0.533885,-0.499676,-0.469407,-0.442419,-0.41817,-0.396209,-0.376164,-0.357726,-0.340637,-0.324682,-0.309682,-0.295486,-0.281967,-0.26902,-0.256554,-0.244496,-0.23278,-0.221355,-0.210174,-0.1992,-0.1884,-0.177748,-0.16722,-0.156797,-0.146462,-0.136202,-0.126004,-0.115858,-0.105754,-0.0956841,-0.0856415,-0.0756194,-0.0656108,-0.05561,-0.0456103,-0.0356058,-0.0255893,-0.0155542,-0.00549231,0.00460439,0.0147457,0.0249417,0.0352045,0.0455471,0.0559847,0.066534,0.0772144,0.0880476,0.0990583,0.110274,0.121728,0.133455,0.145497,0.1579,0.170718,0.184011,0.19785,0.212313,0.227492,0.24349,0.260428,0.278443,0.297696,0.318373,0.340688,0.364893,0.391285,0.420211,0.45208,0.487381,0.526693,0.570707,0.620248,0.676302,0.740042,0.812846,0.896313,0.992231,1.10248,1.22881,1.37228,1.53232,1.70486,1.87906,2.03266,2.03266
-2.16522,-2.16522,-1.91732,-1.67333,-1.45578,-1.27034,-1.11548,-0.987157,-0.880903,-0.792622,-0.718853,-0.65677,-0.604107,-0.559062,-0.520199,-0.486374,-0.456672,-0.430356,-0.406832,-0.385615,-0.366312,-0.348598,-0.332206,-0.316917,-0.302547,-0.288944,-0.275982,-0.263554,-0.251574,-0.239967,-0.228671,-0.217634,-0.206814,-0.196173,-0.185682,-0.175315,-0.165051,-0.154873,-0.144764,-0.134713,-0.124709,-0.114743,-0.104807,-0.0948945,-0.0849987,-0.0751143,-0.0652359,-0.0553585,-0.0454767,-0.0355853,-0.0256785,-0.0157502,-0.00579373,0.00419846,0.0142348,0.0243246,0.0344788,0.0447095,0.0550304,0.0654575,0.0760085,0.0867039,0.0975669,0.108624,0.119906,0.131446,0.143284,0.155465,0.16804,0.181068,0.194616,0.20876,0.223589,0.239206,0.255728,0.273291,0.292055,0.312205,0.333959,0.357573,0.383351,0.411655,0.442918,0.477664,0.516527,0.560283,0.609885,0.666513,0.73163,0.807059,0.895062,0.998431,1.12055,1.26534,1.43705,1.6394,1.87367,2.13437,2.40202,2.40202
-2.60237,-2.60237,-2.17561,-1.81574,-1.52729,-1.29974,-1.12048,-0.978402,-0.864737,-0.772801,-0.697585,-0.635343,-0.583257,-0.539191,-0.501512,-0.468956,-0.440535,-0.415472,-0.393149,-0.373068,-0.35483,-0.338109,-0.32264,-0.308204,-0.294623,-0.281748,-0.269456,-0.257645,-0.246232,-0.235146,-0.224329,-0.213731,-0.203315,-0.193044,-0.182894,-0.172839,-0.162863,-0.152948,-0.143083,-0.133256,-0.123459,-0.113684,-0.103926,-0.0941788,-0.0844378,-0.0746983,-0.0649571,-0.0552095,-0.0454522,-0.0356804,-0.0258902,-0.0160758,-0.00623251,0.00364684,0.0135688,0.0235423,0.0335763,0.043682,0.0538715,0.0641595,0.074562,0.085098,0.0957887,0.106659,0.117736,0.129052,0.140645,0.152555,0.164831,0.177528,0.19071,0.204448,0.218828,0.233947,0.249916,0.266868,0.284954,0.304356,0.325284,0.347991,0.372776,0.4,0.4301,0.463609,0.501185,0.543646,0.59202,0.647614,0.712105,0.787669,0.877161,0.984346,1.11422,1.2734,1.47049,1.71627,2.023,2.40117,2.85359,2.85359
-3.10516,-3.10516,-2.4061,-1.9048,-1.54618,-1.28494,-1.09049,-0.942592,-0.827765,-0.736934,-0.663859,-0.60416,-0.554698,-0.513178,-0.477893,-0.447551,-0.421158,-0.397943,-0.377299,-0.358743,-0.341887,-0.32642,-0.312089,-0.298686,-0.286043,-0.27402,-0.262503,-0.251397,-0.240625,-0.230122,-0.219836,-0.209723,-0.199746,-0.189879,-0.180094,-0.170375,-0.160704,-0.15107,-0.141461,-0.13187,-0.122289,-0.112715,-0.103141,-0.0935665,-0.0839853,-0.074397,-0.0647974,-0.0551855,-0.0455572,-0.0359111,-0.0262425,-0.0165491,-0.00682517,0.00293303,0.0127326,0.0225794,0.0324825,0.0424502,0.0524943,0.0626264,0.0728619,0.0832167,0.0937105,0.104365,0.115206,0.126261,0.137565,0.149155,0.161076,0.173378,0.186119,0.199365,0.213195,0.227697,0.242977,0.259155,0.276374,0.294802,0.314636,0.336111,0.359513,0.385181,0.413533,0.445081,0.480463,0.520483,0.566167,0.61884,0.680249,0.752727,0.839457,0.944863,1.07522,1.23961,1.45142,1.73067,2.1074,2.62603,3.35708,3.35708
-3.54378,-3.54378,-2.50294,-1.87821,-1.48054,-1.21139,-1.02015,-0.878917,-0.771354,-0.687355,-0.62037,-0.565991,-0.521141,-0.483619,-0.451806,-0.42449,-0.400745,-0.379856,-0.361262,-0.34452,-0.329274,-0.315239,-0.302184,-0.289922,-0.278298,-0.267188,-0.25649,-0.246118,-0.236005,-0.226093,-0.216337,-0.206699,-0.19715,-0.187664,-0.178224,-0.168811,-0.159416,-0.150028,-0.140641,-0.131247,-0.121845,-0.11243,-0.103001,-0.0935549,-0.0840926,-0.0746106,-0.0651107,-0.0555894,-0.0460479,-0.0364825,-0.0268936,-0.0172768,-0.00763106,0.00204908,0.0117663,0.0215277,0.0313381,0.0412066,0.051141,0.0611531,0.071254,0.0814591,0.0917841,0.102249,0.112875,0.123689,0.134718,0.145999,0.157567,0.169471,0.181759,0.194492,0.207739,0.221581,0.236108,0.251432,0.267677,0.284994,0.30356,0.323585,0.345323,0.369078,0.395224,0.424221,0.456643,0.493215,0.534867,0.582814,0.638669,0.704625,0.783732,0.880364,1.001,1.15563,1.36035,1.64259,2.052,2.68521,3.75876,3.75876
0,0,0,0,0,0,0,0,0,0,0,0,0,0,0,0,0,0,0,0,0,0,0,0,0,0,0,0,0,0,0,0,0,0,0,0,0,0,0,0,0,0,0,0,0,0,0,0,0,0,0,0,0,0,0,0,0,0,0,0,0,0,0,0,0,0,0,0,0,0,0,0,0,0,0,0,0,0,0,0,0,0,0,0,0,0,0,0,0,0,0,0,0,0,0,0,0,0,0,0
