-0.0736119,-0.0736119,-0.073687,-0.0738072,-0.0739473,-0.0740835,-0.0741942,-0.0742622,-0.0742727,-0.0742142,-0.0740775,-0.0738553,-0.0735425,-0.073135,-0.0726302,-0.0720265,-0.0713231,-0.0705199,-0.0696174,-0.0686165,-0.0675184,-0.0663255,-0.0650376,-0.0636591,-0.062191,-0.0606343,-0.0589941,-0.0572717,-0.0554702,-0.0535932,-0.0516435,-0.0496243,-0.0475387,-0.0453898,-0.0431811,-0.0409157,-0.0385971,-0.0362288,-0.0338141,-0.0313566,-0.0288599,-0.0263275,-0.0237631,-0.0211704,-0.018553,-0.0159147,-0.0132592,-0.0105903,-0.00791169,-0.00522722,-0.00254064,0.000144268,0.00282372,0.00549395,0.00815119,0.0107917,0.0134118,0.0160077,0.0185757,0.0211123,0.0236137,0.0260764,0.0284968,0.0308713,0.0331964,0.0354688,0.0376848,0.0398412,0.0419346,0.0439618,0.0459195,0.0478044,0.0496136,0.051344,0.0529926,0.0545566,0.0560332,0.0574201,0.0587146,0.0599146,0.0610181,0.0620234,0.0629291,0.0637343,0.0644385,0.0650419,0.0655454,0.0659505,0.0662602,0.0664782,0.0666102,0.0666634,0.0666471,0.0665732,0.0664565,0.0663147,0.0661694,0.0660452,0.0659674,0.0659674
-0.0736119,-0.0736119,-0.073687,-0.0738072,-0.0739473,-0.0740835,-0.0741942,-0.0742622,-0.0742727,-0.0742142,-0.0740775,-0.0738553,-0.0735425,-0.073135,-0.0726302,-0.0720265,-0.0713231,-0.0705199,-0.0696174,-0.0686165,-0.0675184,-0.0663255,-0.0650376,-0.0636591,-0.062191,-0.0606343,-0.0589941,-0.0572717,-0.0554702,-0.0535932,-0.0516435,-0.0496243,-0.0475387,-0.0453898,-0.0431811,-0.0409157,-0.0385971,-0.0362288,-0.0338141,-0.0313566,-0.0288599,-0.0263275,-0.0237631,-0.0211704,-0.018553,-0.0159147,-0.0132592,-0.0105903,-0.00791169,-0.00522722,-0.00254064,0.000144268,0.00282372,0.00549395,0.00815119,0.0107917,0.0134118,0.0160077,0.0185757,0.0211123,0.0236137,0.0260764,0.0284968,0.0308713,0.0331964,0.0354688,0.0376848,0.0398412,0.0419346,0.0439618,0.0459195,0.0478044,0.0496136,0.051344,0.0529926,0.0545566,0.0560332,0.0574201,0.0587146,0.0599146,0.0610181,0.0620234,0.0629291,0.0637343,0.0644385,0.0650419,0.0655454,0.0659505,0.0662602,0.0664782,0.0666102,0.0666634,0.0666471,0.0665732,0.0664565,0.0663147,0.0661694,0.0660452,0.0659674,0.0659674
-0.0735245,-0.0735245,-0.0735946,-0.0736919,-0.0737973,-0.0738916,-0.0739583,-0.0739821,-0.0739506,-0.0738533,-0.0736817,-0.0734291,-0.0730901,-0.0726608,-0.0721385,-0.0715211,-0.0708078,-0.0699979,-0.0690918,-0.06809,-0.0669938,-0.0658031,-0.0645229,-0.063151,-0.0616908,-0.060147,-0.0585179,-0.0568089,-0.0550224,-0.0531607,-0.0512273,-0.049225,-0.047157,-0.0450264,-0.0428364,-0.0405903,-0.0382915,-0.0359434,-0.0335493,-0.0311128,-0.0286374,-0.0261266,-0.0235842,-0.0210137,-0.0184187,-0.015803,-0.0131704,-0.0105244,-0.00786889,-0.0052076,-0.00254427,0.000117349,0.00277351,0.00542047,0.0080545,0.0106719,0.013269,0.015842,0.0183874,0.0209015,0.0233807,0.0258215,0.0282203,0.0305735,0.0328779,0.0351298,0.0373261,0.0394632,0.041538,0.0435472,0.0454877,0.0473564,0.0491502,0.0508663,0.0525019,0.0540542,0.0555207,0.056899,0.0581869,0.0593824,0.0604838,0.0614895,0.0623986,0.0632104,0.0639247,0.0645419,0.0650632,0.0654905,0.0658267,0.0660758,0.0662433,0.0663358,0.0663623,0.0663332,0.0662613,0.0661618,0.0660519,0.0659507,0.0658777,0.0658777
-0.0733865,-0.0733865,-0.0734705,-0.0735641,-0.0736533,-0.0737234,-0.0737609,-0.0737537,-0.073691,-0.0735639,-0.0733646,-0.073087,-0.0727262,-0.0722782,-0.0717404,-0.0711108,-0.0703879,-0.0695714,-0.0686612,-0.0676576,-0.0665612,-0.0653742,-0.064096,-0.0627304,-0.0612785,-0.059741,-0.0581228,-0.0564245,-0.0546494,-0.0528004,-0.0508802,-0.0488919,-0.0468383,-0.0447227,-0.0425483,-0.0403182,-0.0380358,-0.0357045,-0.0333275,-0.0309085,-0.0284509,-0.0259582,-0.023434,-0.020882,-0.0183058,-0.015709,-0.0130954,-0.0104686,-0.00783235,-0.00519042,-0.00254651,9.56691e-05,0.00273237,0.00535991,0.00797456,0.0105726,0.0131505,0.0157045,0.018231,0.0207263,0.023187,0.0256095,0.0279903,0.030326,0.032613,0.0348482,0.037028,0.0391491,0.0412086,0.0432031,0.0451295,0.0469849,0.0487663,0.0504709,0.0520961,0.0536392,0.0550978,0.0564698,0.0577529,0.0589456,0.060046,0.0610532,0.0619661,0.0627844,0.063508,0.0641377,0.0646745,0.0651207,0.065479,0.0657534,0.0659489,0.0660718,0.0661298,0.0661322,0.0660898,0.0660149,0.0659213,0.0658236,0.0657363,0.0657363
-0.073219,-0.073219,-0.0733308,-0.0734354,-0.0735226,-0.0735818,-0.0736024,-0.0735749,-0.0734903,-0.073341,-0.0731203,-0.0728229,-0.0724441,-0.0719805,-0.0714294,-0.0707887,-0.0700572,-0.0692342,-0.0683195,-0.0673133,-0.0662165,-0.0650298,-0.0637548,-0.0623927,-0.0609454,-0.059415,-0.0578035,-0.0561137,-0.0543477,-0.0525085,-0.0505988,-0.0486215,-0.0465795,-0.0444759,-0.042314,-0.0400967,-0.0378276,-0.0355098,-0.0331467,-0.0307418,-0.0282985,-0.0258205,-0.0233112,-0.0207742,-0.0182131,-0.0156317,-0.0130335,-0.0104223,-0.00780179,-0.0051756,-0.00254746,7.89007e-05,0.00269981,0.00531154,0.00791045,0.0104929,0.0130551,0.0155936,0.0181047,0.0205849,0.0230306,0.0254384,0.0278046,0.030126,0.0323991,0.0346207,0.0367872,0.0388957,0.0409428,0.0429255,0.0448408,0.0466857,0.0484574,0.0501531,0.0517703,0.0533065,0.0547593,0.0561268,0.0574069,0.058598,0.0596987,0.0607079,0.061625,0.0624495,0.0631817,0.0638223,0.0643725,0.0648344,0.0652107,0.0655052,0.0657221,0.0658675,0.0659476,0.0659705,0.0659452,0.0658813,0.0657895,0.0656807,0.065565,0.065565
-0.073043,-0.073043,-0.0731921,-0.0733176,-0.0734136,-0.0734721,-0.0734857,-0.0734465,-0.0733478,-0.073183,-0.0729466,-0.0726339,-0.0722409,-0.0717645,-0.0712019,-0.0705517,-0.0698123,-0.068983,-0.0680638,-0.0670547,-0.0659562,-0.0647693,-0.0634953,-0.0621354,-0.0606913,-0.0591652,-0.0575589,-0.0558749,-0.0541156,-0.0522836,-0.0503816,-0.0484125,-0.0463793,-0.0442849,-0.0421324,-0.039925,-0.0376659,-0.0353585,-0.033006,-0.030612,-0.0281799,-0.0257131,-0.0232152,-0.0206898,-0.0181405,-0.015571,-0.0129848,-0.0103856,-0.00777721,-0.00516319,-0.00254728,6.68669e-05,0.00267552,0.00527506,0.00786178,0.0104321,0.0129823,0.0155088,0.0180081,0.0204765,0.0229107,0.025307,0.0276622,0.0299726,0.032235,0.0344461,0.0366026,0.0387013,0.0407392,0.042713,0.0446199,0.046457,0.0482216,0.0499108,0.0515224,0.0530537,0.0545028,0.0558674,0.0571459,0.0583368,0.0594385,0.0604505,0.0613717,0.0622022,0.0629421,0.0635921,0.0641536,0.0646282,0.0650188,0.0653284,0.0655613,0.0657219,0.0658163,0.0658509,0.0658325,0.0657692,0.0656687,0.0655385,0.0653849,0.0653849
-0.0728774,-0.0728774,-0.073069,-0.0732221,-0.0733341,-0.0733998,-0.0734137,-0.0733701,-0.0732635,-0.0730889,-0.0728416,-0.0725177,-0.0721139,-0.071627,-0.0710553,-0.0703966,-0.0696502,-0.0688151,-0.0678912,-0.0668787,-0.0657779,-0.0645898,-0.0633154,-0.0619562,-0.0605137,-0.0589898,-0.0573866,-0.0557063,-0.0539512,-0.052124,-0.0502272,-0.0482637,-0.0462364,-0.0441483,-0.0420024,-0.0398018,-0.0375498,-0.0352497,-0.0329048,-0.0305185,-0.0280941,-0.0256354,-0.0231457,-0.0206286,-0.0180876,-0.0155265,-0.0129489,-0.0103584,-0.0077586,-0.00515329,-0.0025461,5.92816e-05,0.00265922,0.00525001,0.00782804,0.0103897,0.0129313,0.0154493,0.0179401,0.0204003,0.0228262,0.0252145,0.0275617,0.0298644,0.0321193,0.0343231,0.0364726,0.0385646,0.040596,0.0425638,0.044465,0.046297,0.0480568,0.0497419,0.0513499,0.0528785,0.0543255,0.055689,0.0569674,0.0581589,0.0592627,0.0602776,0.0612032,0.0620392,0.0627859,0.063444,0.0640145,0.0644994,0.0649006,0.0652214,0.0654648,0.0656354,0.0657374,0.0657763,0.0657576,0.0656869,0.06557,0.065412,0.0652157,0.0652157
-0.0727386,-0.0727386,-0.0729743,-0.073159,-0.0732918,-0.0733701,-0.0733899,-0.0733473,-0.073238,-0.0730582,-0.0728041,-0.0724726,-0.0720605,-0.0715658,-0.0709864,-0.0703208,-0.069568,-0.0687275,-0.067799,-0.0667826,-0.0656788,-0.0644885,-0.0632127,-0.0618528,-0.0604102,-0.0588868,-0.0572846,-0.0556058,-0.0538527,-0.0520279,-0.0501338,-0.0481734,-0.0461494,-0.0440648,-0.0419227,-0.0397261,-0.0374782,-0.0351825,-0.032842,-0.0304603,-0.0280407,-0.0255868,-0.023102,-0.0205899,-0.0180541,-0.0154982,-0.0129257,-0.0103405,-0.00774599,-0.00514601,-0.00254416,5.58965e-05,0.00265047,0.00523595,0.00780868,0.010365,0.0129014,0.0154143,0.0179,0.0203551,0.0227761,0.0251596,0.027502,0.0298002,0.0320506,0.0342502,0.0363955,0.0384837,0.0405114,0.0424758,0.0443741,0.0462032,0.0479607,0.0496439,0.0512506,0.0527782,0.054225,0.0555888,0.0568681,0.0580616,0.0591678,0.0601863,0.0611161,0.0619573,0.06271,0.0633747,0.0639527,0.0644452,0.0648544,0.0651824,0.0654326,0.0656079,0.0657125,0.0657502,0.0657252,0.0656419,0.0655038,0.065314,0.0650731,0.0650731
-0.0726393,-0.0726393,-0.072919,-0.0731365,-0.0732933,-0.0733876,-0.0734174,-0.0733798,-0.0732719,-0.0730906,-0.0728331,-0.0724966,-0.0720791,-0.0715783,-0.0709929,-0.0703214,-0.069563,-0.0687173,-0.0677841,-0.0667636,-0.0656562,-0.0644629,-0.0631845,-0.0618224,-0.0603783,-0.0588537,-0.0572507,-0.0555714,-0.0538182,-0.0519934,-0.0500997,-0.0481398,-0.0461166,-0.0440329,-0.0418918,-0.0396964,-0.0374499,-0.0351555,-0.0328166,-0.0304365,-0.0280187,-0.0255665,-0.0230835,-0.0205733,-0.0180394,-0.0154855,-0.0129151,-0.0103318,-0.00773939,-0.00514144,-0.00254165,5.63456e-05,0.00264889,0.00523234,0.00780305,0.0103574,0.0128918,0.0154028,0.0178866,0.0203399,0.0227592,0.0251409,0.0274817,0.0297783,0.0320273,0.0342255,0.0363696,0.0384567,0.0404835,0.0424471,0.0443448,0.0461736,0.0479311,0.0496146,0.0512216,0.0527503,0.0541982,0.0555639,0.0568454,0.0580416,0.0591511,0.0601733,0.0611075,0.0619535,0.0627114,0.0633818,0.0639653,0.0644636,0.0648779,0.0652105,0.0654637,0.0656403,0.0657432,0.0657755,0.0657404,0.0656404,0.0654783,0.0652554,0.0649702,0.0649702
-0.0725892,-0.0725892,-0.0729113,-0.0731618,-0.0733437,-0.0734564,-0.0734989,-0.0734694,-0.0733657,-0.0731859,-0.0729275,-0.0725887,-0.0721675,-0.0716625,-0.0710722,-0.0703958,-0.0696324,-0.0687818,-0.0678439,-0.0668189,-0.0657074,-0.0645101,-0.0632281,-0.0618627,-0.0604154,-0.058888,-0.0572824,-0.0556007,-0.0538452,-0.0520184,-0.0501227,-0.0481611,-0.0461361,-0.0440508,-0.0419082,-0.0397114,-0.0374635,-0.0351678,-0.0328276,-0.0304462,-0.0280271,-0.0255738,-0.0230897,-0.0205783,-0.0180433,-0.0154882,-0.0129167,-0.0103323,-0.00773877,-0.00513974,-0.00253881,6.03117e-05,0.002654,0.00523859,0.0078105,0.010366,0.0129017,0.0154138,0.0178989,0.0203535,0.022774,0.0251571,0.0274992,0.0297972,0.0320476,0.0342472,0.036393,0.0384815,0.04051,0.0424754,0.0443749,0.0462057,0.0479652,0.0496509,0.0512605,0.0527917,0.0542426,0.0556113,0.0568962,0.0580959,0.0592094,0.0602357,0.0611743,0.0620248,0.0627874,0.0634623,0.0640503,0.0645523,0.0649699,0.0653044,0.065558,0.0657328,0.065831,0.0658549,0.0658065,0.065688,0.0655002,0.0652443,0.0649169,0.0649169
-0.0725961,-0.0725961,-0.0729575,-0.07324,-0.0734473,-0.0735796,-0.0736366,-0.0736171,-0.07352,-0.0733437,-0.0730866,-0.0727472,-0.0723241,-0.0718161,-0.0712222,-0.0705415,-0.0697736,-0.0689183,-0.0679756,-0.0669457,-0.0658294,-0.0646273,-0.0633407,-0.0619707,-0.0605189,-0.0589871,-0.0573772,-0.0556913,-0.0539316,-0.0521006,-0.050201,-0.0482352,-0.0462062,-0.0441169,-0.0419703,-0.0397693,-0.0375175,-0.0352179,-0.0328736,-0.0304882,-0.0280651,-0.0256078,-0.0231196,-0.0206042,-0.0180651,-0.015506,-0.0129303,-0.0103418,-0.00774421,-0.00514098,-0.0025359,6.74209e-05,0.0026653,0.00525414,0.00783022,0.0103901,0.0129299,0.0154463,0.0179357,0.0203945,0.0228192,0.0252065,0.0275529,0.0298551,0.0321097,0.0343136,0.0364634,0.0385562,0.0405888,0.0425584,0.044462,0.046297,0.0480607,0.0497505,0.0513644,0.0528999,0.054355,0.0557281,0.0570174,0.0582217,0.0593396,0.0603705,0.0613135,0.0621684,0.0629351,0.0636138,0.0642049,0.0647096,0.0651284,0.0654631,0.0657149,0.0658856,0.0659768,0.06599,0.0659271,0.0657883,0.0655752,0.0652866,0.0649196,0.0649196
-0.0726635,-0.0726635,-0.0730617,-0.073375,-0.0736073,-0.0737596,-0.0738318,-0.0738239,-0.0737347,-0.0735636,-0.0733094,-0.0729708,-0.0725471,-0.0720371,-0.0714403,-0.070756,-0.0699839,-0.069124,-0.0681762,-0.0671412,-0.0660194,-0.0648118,-0.0635195,-0.0621438,-0.0606862,-0.0591485,-0.0575327,-0.0558407,-0.054075,-0.052238,-0.0503321,-0.0483601,-0.0463248,-0.0442291,-0.0420762,-0.0398689,-0.0376105,-0.0353042,-0.0329534,-0.0305614,-0.0281316,-0.0256675,-0.0231726,-0.0206503,-0.0181044,-0.0155383,-0.0129558,-0.0103603,-0.0077556,-0.00514534,-0.00253316,7.72727e-05,0.00268232,0.00527827,0.00786159,0.0104285,0.0129756,0.0154991,0.0179957,0.0204615,0.0228934,0.0252877,0.0276411,0.0299502,0.0322117,0.0344224,0.036579,0.0386783,0.0407176,0.0426936,0.0446036,0.0464448,0.0482147,0.0499107,0.0515304,0.0530718,0.0545327,0.0559114,0.0572062,0.0584157,0.0595389,0.0605746,0.0615223,0.0623814,0.0631518,0.0638337,0.0644273,0.0649332,0.0653522,0.0656854,0.0659339,0.0660987,0.0661813,0.0661827,0.0661035,0.065945,0.0657062,0.0653869,0.064983,0.064983
-0.0727949,-0.0727949,-0.0732271,-0.073569,-0.0738256,-0.0739976,-0.0740859,-0.0740899,-0.07401,-0.073845,-0.0735946,-0.0732582,-0.0728346,-0.0723236,-0.0717244,-0.0710369,-0.0702608,-0.0693961,-0.0684433,-0.0674025,-0.0662748,-0.0650608,-0.0637618,-0.0623792,-0.0609145,-0.0593695,-0.0577462,-0.0560466,-0.054273,-0.0524279,-0.0505139,-0.0485336,-0.04649,-0.0443857,-0.0422241,-0.040008,-0.0377407,-0.0354255,-0.0330656,-0.0306645,-0.0282255,-0.0257521,-0.0232477,-0.0207161,-0.0181606,-0.0155849,-0.0129927,-0.0103875,-0.007773,-0.00515291,-0.00253084,8.95085e-05,0.00270448,0.00531043,0.00790367,0.0104806,0.0130376,0.0155711,0.0180775,0.0205533,0.022995,0.025399,0.0277621,0.0300807,0.0323517,0.0345716,0.0367374,0.0388458,0.0408939,0.0428786,0.0447971,0.0466467,0.0484245,0.0501285,0.0517558,0.0533046,0.0547726,0.0561582,0.0574595,0.0586753,0.0598041,0.0608452,0.0617977,0.0626611,0.0634351,0.0641196,0.0647149,0.0652214,0.0656395,0.0659701,0.0662139,0.066372,0.0664448,0.0664334,0.0663382,0.0661589,0.0658959,0.0655476,0.0651098,0.0651098
-0.0729916,-0.0729916,-0.0734546,-0.0738236,-0.0741033,-0.0742948,-0.0743986,-0.0744155,-0.0743449,-0.0741871,-0.0739415,-0.0736075,-0.0731851,-0.0726733,-0.0720724,-0.0713818,-0.0706017,-0.0697323,-0.0687738,-0.067727,-0.0665925,-0.0653714,-0.0640648,-0.0626742,-0.0612012,-0.0596475,-0.0580151,-0.0563062,-0.0545232,-0.0526681,-0.0507442,-0.0487537,-0.0466994,-0.0445848,-0.0424121,-0.0401852,-0.0379068,-0.0355803,-0.0332091,-0.0307963,-0.0283457,-0.0258605,-0.0233443,-0.0208007,-0.0182331,-0.0156453,-0.0130408,-0.0104232,-0.00779638,-0.0051638,-0.00252922,0.000103715,0.00273129,0.00534988,0.00795578,0.0105454,0.013115,0.0156611,0.0181801,0.0206683,0.0231224,0.0255388,0.027914,0.0302447,0.0325276,0.0347592,0.0369365,0.0390563,0.0411154,0.043111,0.0450401,0.0468998,0.0486879,0.0504011,0.052038,0.0535954,0.055072,0.0564655,0.0577744,0.0589972,0.0601326,0.0611794,0.0621371,0.0630048,0.0637822,0.0644693,0.0650658,0.0655722,0.0659887,0.0663159,0.0665544,0.0667045,0.0667672,0.0667425,0.0666308,0.066432,0.0661452,0.0657699,0.0653013,0.0653013
-0.0732532,-0.0732532,-0.0737448,-0.0741392,-0.0744408,-0.0746509,-0.0747705,-0.0747998,-0.0747394,-0.0745889,-0.0743484,-0.0740177,-0.0735963,-0.0730845,-0.0724818,-0.0717884,-0.0710042,-0.0701298,-0.0691655,-0.068112,-0.0669702,-0.065741,-0.0644259,-0.0630262,-0.0615436,-0.0599798,-0.058337,-0.0566173,-0.0548229,-0.0529567,-0.0510207,-0.049018,-0.0469517,-0.044824,-0.0426388,-0.0403987,-0.038107,-0.0357671,-0.0333821,-0.0309557,-0.0284911,-0.0259918,-0.0234614,-0.0209034,-0.0183214,-0.015719,-0.0130998,-0.0104675,-0.00782569,-0.00517816,-0.00252852,0.000119489,0.00276223,0.00539596,0.00801708,0.0106218,0.0132067,0.0157679,0.0183019,0.0208052,0.0232741,0.0257053,0.0280952,0.0304403,0.0327375,0.0349832,0.0371743,0.0393075,0.04138,0.0433884,0.04533,0.0472021,0.0490015,0.0507265,0.0523737,0.0539419,0.055428,0.0568308,0.0581482,0.0593789,0.0605214,0.0615747,0.0625378,0.06341,0.064191,0.0648802,0.0654779,0.0659837,0.0663982,0.0667214,0.0669539,0.067096,0.0671478,0.0671099,0.0669818,0.0667637,0.0664549,0.066054,0.0655568,0.0655568
-0.0735795,-0.0735795,-0.0740975,-0.0745154,-0.0748378,-0.075066,-0.0752008,-0.0752427,-0.0751921,-0.0750493,-0.0748142,-0.0744868,-0.0740672,-0.0735551,-0.0729509,-0.0722544,-0.0714661,-0.0705864,-0.0696158,-0.0685551,-0.0674051,-0.0661672,-0.0648425,-0.0634327,-0.0619393,-0.0603642,-0.0587095,-0.0569775,-0.0551705,-0.0532908,-0.0513415,-0.049325,-0.0472441,-0.0451023,-0.0429021,-0.0406469,-0.03834,-0.0359845,-0.0335839,-0.0311415,-0.0286608,-0.0261452,-0.0235983,-0.0210237,-0.018425,-0.0158056,-0.0131694,-0.01052,-0.00786098,-0.0051961,-0.00252905,0.000136472,0.00279673,0.00544809,0.00808677,0.0107092,0.0133116,0.0158903,0.0184419,0.0209625,0.0234488,0.0258971,0.0283039,0.0306658,0.0329795,0.0352415,0.0374485,0.0395976,0.0416851,0.0437086,0.0456647,0.0475505,0.0493638,0.0511013,0.0527614,0.0543408,0.0558383,0.0572512,0.0585784,0.0598177,0.0609682,0.0620283,0.0629974,0.0638744,0.064659,0.0653506,0.065949,0.0664542,0.0668662,0.0671852,0.0674114,0.0675449,0.0675861,0.0675347,0.067391,0.0671543,0.066824,0.0663996,0.0658762,0.0658762
-0.0739691,-0.0739691,-0.0745115,-0.0749515,-0.0752938,-0.0755393,-0.0756888,-0.075743,-0.0757024,-0.0755672,-0.0753375,-0.0750137,-0.0745955,-0.0740835,-0.0734775,-0.072778,-0.0719853,-0.0710998,-0.0701225,-0.0690539,-0.0678952,-0.0666476,-0.0653125,-0.0638914,-0.062386,-0.0607984,-0.0591306,-0.0573848,-0.0555634,-0.0536691,-0.0517045,-0.0496724,-0.0475757,-0.0454174,-0.0432006,-0.0409285,-0.0386043,-0.0362313,-0.0338129,-0.0313526,-0.0288537,-0.0263197,-0.0237543,-0.021161,-0.0185433,-0.0159049,-0.0132495,-0.0105807,-0.00790222,-0.00521776,-0.00253103,0.000154238,0.00283435,0.00550555,0.00816418,0.0108065,0.0134288,0.0160274,0.0185987,0.0211391,0.0236449,0.0261126,0.0285386,0.0309196,0.0332519,0.0355324,0.0377576,0.0399242,0.0420292,0.0440694,0.0460417,0.0479436,0.0497718,0.0515241,0.0531977,0.0547906,0.0563002,0.0577248,0.0590624,0.0603115,0.0614705,0.0625383,0.0635137,0.0643959,0.0651843,0.0658783,0.0664776,0.0669819,0.0673914,0.067706,0.0679257,0.0680507,0.0680809,0.0680165,0.0678572,0.0676026,0.0672523,0.0668053,0.0662574,0.0662574
-0.0744199,-0.0744199,-0.0749857,-0.0754468,-0.0758078,-0.0760699,-0.0762338,-0.0762999,-0.076269,-0.0761413,-0.0759171,-0.0755967,-0.0751802,-0.074668,-0.0740602,-0.0733573,-0.0725598,-0.0716684,-0.0706836,-0.0696067,-0.0684385,-0.0671804,-0.0658338,-0.0644004,-0.062882,-0.0612805,-0.0595982,-0.0578373,-0.0560002,-0.0540897,-0.0521083,-0.0500589,-0.0479446,-0.0457682,-0.043533,-0.0412421,-0.0388988,-0.0365064,-0.0340684,-0.0315882,-0.0290691,-0.0265148,-0.0239288,-0.0213147,-0.018676,-0.0160165,-0.0133398,-0.0106496,-0.00794949,-0.00524331,-0.00253476,0.000172449,0.00287455,0.00556784,0.00824854,0.010913,0.0135574,0.0161781,0.0187714,0.0213336,0.0238612,0.0263505,0.028798,0.0312,0.0335533,0.0358542,0.0380995,0.0402859,0.0424101,0.044469,0.0464597,0.0483789,0.0502241,0.0519925,0.0536814,0.0552888,0.056812,0.0582493,0.0595986,0.0608581,0.0620266,0.0631026,0.0640849,0.0649727,0.0657651,0.0664617,0.0670619,0.0675655,0.0679724,0.0682824,0.0684957,0.068612,0.0686316,0.0685543,0.0683797,0.068108,0.0677383,0.06727,0.0666992,0.0666992
-0.0749313,-0.0749313,-0.0755186,-0.0759997,-0.0763789,-0.076657,-0.0768346,-0.0769126,-0.0768911,-0.0767708,-0.076552,-0.0762349,-0.0758199,-0.0753073,-0.0746976,-0.0739911,-0.0731885,-0.0722904,-0.0712979,-0.0702117,-0.0690333,-0.0677638,-0.0664049,-0.0649582,-0.0634256,-0.0618092,-0.0601111,-0.0583337,-0.0564795,-0.0545512,-0.0525515,-0.0504833,-0.0483497,-0.0461536,-0.0438982,-0.0415868,-0.0392226,-0.0368091,-0.0343496,-0.0318475,-0.0293065,-0.0267299,-0.0241214,-0.0214845,-0.0188229,-0.0161403,-0.0134403,-0.0107266,-0.00800287,-0.00527293,-0.00254049,0.000190712,0.00291692,0.00563436,0.00833928,0.0110279,0.0136966,0.0163415,0.0189589,0.0215453,0.0240967,0.0266097,0.0290807,0.031506,0.0338821,0.0362057,0.0384732,0.0406813,0.0428266,0.0449062,0.0469167,0.0488552,0.050719,0.0525049,0.0542109,0.0558339,0.0573722,0.0588232,0.0601851,0.0614563,0.0626349,0.0637197,0.0647095,0.0656033,0.0664001,0.0670995,0.0677008,0.0682037,0.068608,0.0689136,0.0691202,0.0692281,0.069237,0.0691468,0.0689578,0.0686691,0.0682808,0.0677923,0.0671994,0.0671994
-0.0755007,-0.0755007,-0.076109,-0.0766094,-0.077006,-0.0772995,-0.0774907,-0.07758,-0.077568,-0.0774549,-0.0772413,-0.0769275,-0.0765138,-0.0760007,-0.0753886,-0.0746782,-0.07387,-0.072965,-0.0719639,-0.0708681,-0.0696786,-0.068397,-0.0670248,-0.0655637,-0.0640159,-0.0623833,-0.0606681,-0.058873,-0.0570003,-0.0550528,-0.0530333,-0.0509448,-0.0487902,-0.0465728,-0.0442956,-0.041962,-0.0395752,-0.0371387,-0.0346559,-0.0321303,-0.0295653,-0.0269646,-0.0243317,-0.0216703,-0.0189839,-0.0162762,-0.0135509,-0.0108118,-0.00806252,-0.00530685,-0.00254852,0.000208691,0.00296101,0.00570465,0.00843584,0.0111508,0.0138458,0.0165169,0.0191606,0.021773,0.0243506,0.0268893,0.0293859,0.0318365,0.0342377,0.0365858,0.0388775,0.0411091,0.0432776,0.0453796,0.0474119,0.0493714,0.0512552,0.0530607,0.0547846,0.0564252,0.0579794,0.0594454,0.0608211,0.0621046,0.0632943,0.0643887,0.0653866,0.0662867,0.0670884,0.0677908,0.0683934,0.0688957,0.0692975,0.0695985,0.0697988,0.069898,0.0698964,0.0697939,0.0695899,0.0692851,0.0688787,0.0683705,0.0677566,0.0677566
-0.0761269,-0.0761269,-0.0767557,-0.0772746,-0.0776882,-0.077997,-0.0782013,-0.0783019,-0.078299,-0.078193,-0.0779845,-0.0776738,-0.0772613,-0.0767474,-0.0761329,-0.0754181,-0.0746041,-0.0736915,-0.0726815,-0.0715752,-0.070374,-0.0690793,-0.0676929,-0.0662165,-0.0646523,-0.0630023,-0.061269,-0.0594547,-0.0575622,-0.0555941,-0.0535534,-0.051443,-0.049266,-0.0470256,-0.0447249,-0.0423674,-0.0399563,-0.0374952,-0.0349873,-0.0324363,-0.0298457,-0.027219,-0.0245599,-0.021872,-0.0191589,-0.0164243,-0.0136719,-0.0109054,-0.00812868,-0.00534531,-0.00255916,0.000226035,0.00300644,0.00577829,0.00853776,0.0112811,0.0140044,0.0167039,0.0193759,0.0220165,0.0246221,0.0271888,0.029713,0.032191,0.0346192,0.036994,0.0393117,0.041569,0.0437625,0.0458888,0.0479446,0.0499268,0.0518325,0.0536586,0.0554026,0.0570616,0.0586333,0.0601155,0.0615059,0.0628028,0.0640043,0.065109,0.0661155,0.0670227,0.0678295,0.0685352,0.0691392,0.0696411,0.0700404,0.070337,0.0705307,0.0706216,0.0706094,0.0704942,0.0702762,0.069955,0.0695307,0.0690035,0.068369,0.068369
-0.0768089,-0.0768089,-0.0774571,-0.0779945,-0.0784249,-0.0787485,-0.0789661,-0.0790777,-0.0790839,-0.0789851,-0.0787815,-0.0784738,-0.0780623,-0.0775476,-0.0769302,-0.0762109,-0.0753905,-0.0744699,-0.0734503,-0.072333,-0.0711192,-0.0698108,-0.0684092,-0.0669166,-0.0653349,-0.0636665,-0.0619136,-0.0600791,-0.0581653,-0.0561753,-0.0541118,-0.0519781,-0.0497771,-0.0475121,-0.0451864,-0.0428033,-0.0403662,-0.0378786,-0.035344,-0.0327659,-0.0301478,-0.0274933,-0.0248062,-0.02209,-0.0193483,-0.0165849,-0.0138035,-0.0110079,-0.00820163,-0.00538868,-0.00257272,0.000242387,0.00305289,0.00585493,0.0086447,0.0114184,0.0141721,0.016902,0.0196044,0.0222753,0.024911,0.0275077,0.0300617,0.0325691,0.0350264,0.0374298,0.0397758,0.0420606,0.0442811,0.0464335,0.0485147,0.0505215,0.0524506,0.0542992,0.0560644,0.0577434,0.0593339,0.0608334,0.0622397,0.0635509,0.0647651,0.0658808,0.0668965,0.067811,0.0686234,0.0693328,0.0699384,0.0704399,0.0708368,0.0711289,0.0713161,0.0713983,0.0713756,0.0712479,0.0710154,0.0706781,0.0702363,0.0696898,0.0690351,0.0690351
-0.0775445,-0.0775445,-0.078213,-0.0787686,-0.0792155,-0.0795543,-0.0797849,-0.0799076,-0.079923,-0.0798312,-0.0796327,-0.0793279,-0.0789173,-0.0784015,-0.0777811,-0.077057,-0.0762299,-0.0753009,-0.0742712,-0.0731421,-0.0719152,-0.070592,-0.0691746,-0.0676646,-0.0660645,-0.0643764,-0.062603,-0.0607467,-0.0588105,-0.056797,-0.0547095,-0.0525508,-0.0503242,-0.0480331,-0.0456806,-0.0432703,-0.0408055,-0.0382898,-0.0357266,-0.0331195,-0.0304721,-0.0277881,-0.0250711,-0.0223247,-0.0195526,-0.0167585,-0.0139462,-0.0111194,-0.00828184,-0.00543729,-0.00258962,0.000257443,0.0031,0.00593428,0.00875638,0.0115625,0.0143487,0.0171111,0.0198459,0.0225493,0.0252173,0.0278462,0.030432,0.0329711,0.0354595,0.0378937,0.0402698,0.0425844,0.0448337,0.0470143,0.0491227,0.0511558,0.0531101,0.0549828,0.0567707,0.0584713,0.0600818,0.0615998,0.063023,0.0643495,0.0655772,0.0667046,0.0677301,0.0686526,0.0694708,0.070184,0.0707915,0.0712926,0.0716871,0.0719746,0.0721552,0.0722287,0.0721951,0.0720548,0.0718076,0.0714542,0.0709944,0.0704289,0.0697539,0.0697539
-0.0783345,-0.0783345,-0.0790224,-0.0795963,-0.0800604,-0.0804142,-0.080658,-0.0807922,-0.0808167,-0.0807321,-0.0805387,-0.0802369,-0.0798273,-0.0793103,-0.0786868,-0.0779574,-0.0771234,-0.0761855,-0.0751452,-0.0740039,-0.072763,-0.0714245,-0.06999,-0.068462,-0.0668422,-0.0651336,-0.0633382,-0.0614591,-0.0594989,-0.0574607,-0.0553474,-0.0531623,-0.0509086,-0.0485896,-0.0462088,-0.0437695,-0.0412753,-0.0387296,-0.036136,-0.0334982,-0.0308197,-0.0281042,-0.0253554,-0.0225769,-0.0197725,-0.0169458,-0.0141006,-0.0112407,-0.00836973,-0.00549168,-0.00261019,0.000270792,0.00314753,0.00601609,0.00887264,0.0117133,0.0145341,0.0173312,0.0201007,0.0228387,0.0255412,0.0282044,0.0308244,0.0333971,0.0359191,0.0383861,0.0407947,0.0431409,0.0454212,0.0476318,0.0497696,0.0518306,0.0538121,0.0557103,0.0575228,0.0592462,0.0608782,0.0624159,0.0638572,0.0651999,0.066442,0.0675817,0.0686177,0.0695485,0.0703729,0.0710902,0.0716995,0.0722004,0.0725923,0.0728752,0.0730488,0.0731133,0.0730687,0.0729152,0.0726533,0.0722831,0.0718053,0.0712202,0.0705246,0.0705246
-0.0791769,-0.0791769,-0.0798854,-0.0804784,-0.0809595,-0.0813289,-0.0815864,-0.0817321,-0.0817662,-0.0816891,-0.0815009,-0.0812023,-0.0807934,-0.0802754,-0.0796485,-0.078914,-0.0780726,-0.0771256,-0.0760742,-0.07492,-0.0736646,-0.0723098,-0.0708578,-0.0693104,-0.0676703,-0.0659396,-0.0641212,-0.0622179,-0.0602324,-0.0581679,-0.0560275,-0.0538144,-0.0515319,-0.0491836,-0.0467725,-0.0443025,-0.0417769,-0.0391995,-0.0365737,-0.0339032,-0.0311916,-0.0284428,-0.0256602,-0.0228477,-0.0200088,-0.0171475,-0.0142675,-0.0113723,-0.00846605,-0.00555228,-0.00263498,0.000282157,0.00319514,0.0061002,0.00899338,0.0118708,0.0147285,0.0175625,0.020369,0.0231439,0.0258832,0.028583,0.0312393,0.0338483,0.0364058,0.0389081,0.0413512,0.0437314,0.0460447,0.0482877,0.0504564,0.0525478,0.0545578,0.0564838,0.0583221,0.0600701,0.0617247,0.0632835,0.0647439,0.0661038,0.0673611,0.068514,0.0695609,0.0705004,0.0713314,0.0720529,0.0726642,0.0731646,0.0735539,0.0738318,0.0739982,0.0740533,0.0739972,0.0738303,0.0735529,0.0731655,0.072669,0.0720638,0.0713468,0.0713468
-0.0800732,-0.0800732,-0.0808024,-0.0814148,-0.0819139,-0.0822993,-0.0825709,-0.0827288,-0.0827729,-0.0827035,-0.082521,-0.0822255,-0.081818,-0.0812987,-0.0806687,-0.0799286,-0.0790798,-0.0781232,-0.0770604,-0.0758928,-0.0746222,-0.0732506,-0.0717799,-0.0702125,-0.0685507,-0.0667971,-0.0649544,-0.0630255,-0.0610134,-0.0589212,-0.056752,-0.0545093,-0.0521964,-0.0498167,-0.0473738,-0.0448712,-0.0423125,-0.0397013,-0.0370413,-0.0343362,-0.0315897,-0.0288052,-0.025987,-0.0231381,-0.0202629,-0.0173648,-0.0144477,-0.0115153,-0.00857135,-0.00561985,-0.00266435,0.000291045,0.00324263,0.00618643,0.00911856,0.0120351,0.014932,0.0178054,0.0206511,0.0234653,0.0262439,0.0289827,0.031678,0.0343253,0.036921,0.0394608,0.041941,0.0443572,0.0467061,0.0489833,0.0511855,0.0533087,0.0553497,0.0573047,0.0591709,0.0609448,0.0626237,0.0642047,0.0656855,0.0670636,0.0683369,0.0695036,0.070562,0.0715107,0.0723484,0.0730742,0.0736874,0.0741873,0.0745737,0.0748463,0.0750051,0.0750503,0.0749821,0.074801,0.0745074,0.0741023,0.0735861,0.07296,0.072221,0.072221
-0.0810227,-0.0810227,-0.0817744,-0.082407,-0.0829247,-0.0833269,-0.0836134,-0.0837839,-0.0838385,-0.0837775,-0.0836008,-0.0833092,-0.0829028,-0.0823828,-0.0817494,-0.081004,-0.0801474,-0.0791811,-0.0781064,-0.076925,-0.0756387,-0.0742494,-0.0727594,-0.071171,-0.0694864,-0.0677088,-0.0658405,-0.0638847,-0.0618446,-0.0597229,-0.0575236,-0.0552496,-0.0529044,-0.0504917,-0.0480149,-0.0454778,-0.042884,-0.040237,-0.0375409,-0.034799,-0.0320151,-0.0291934,-0.0263367,-0.02345,-0.0205359,-0.0175988,-0.0146425,-0.0116703,-0.00868667,-0.00569488,-0.002699,0.000297157,0.00328965,0.00627466,0.00924819,0.0122063,0.0151449,0.0180601,0.0209478,0.0238038,0.0266242,0.0294047,0.0321412,0.0348298,0.037466,0.040046,0.0425654,0.0450204,0.0474068,0.0497209,0.0519584,0.0541159,0.0561895,0.0581758,0.0600713,0.061873,0.0635775,0.0651822,0.0666844,0.0680817,0.069372,0.0705531,0.0716236,0.0725817,0.0734265,0.0741567,0.0747717,0.075271,0.075654,0.0759209,0.0760715,0.0761061,0.0760252,0.075829,0.0755187,0.0750946,0.074558,0.0739099,0.0731469,0.0731469
-0.0820273,-0.0820273,-0.0828022,-0.0834561,-0.0839935,-0.0844134,-0.0847156,-0.0848996,-0.0849654,-0.0849132,-0.0847432,-0.0844555,-0.084051,-0.0835301,-0.0828938,-0.0821428,-0.0812787,-0.0803022,-0.0792154,-0.0780197,-0.0767171,-0.0753094,-0.0737994,-0.0721886,-0.0704808,-0.0686775,-0.0667826,-0.0647986,-0.0627285,-0.0605766,-0.0583449,-0.0560379,-0.0536587,-0.051211,-0.0486985,-0.0461249,-0.0434937,-0.0408092,-0.0380743,-0.0352936,-0.0324706,-0.0296084,-0.0267122,-0.0237841,-0.0208296,-0.017851,-0.0148526,-0.0118389,-0.00881271,-0.00577821,-0.00273939,0.000299887,0.00333597,0.00636472,0.00938223,0.0123845,0.0153675,0.0183272,0.0212594,0.0241601,0.0270249,0.0298498,0.0326305,0.0353627,0.0380423,0.0406649,0.0432264,0.0457225,0.0481492,0.0505022,0.0527777,0.0549714,0.05708,0.0590993,0.0610262,0.0628571,0.0645889,0.0662186,0.0677435,0.069161,0.0704691,0.0716654,0.0727484,0.0737164,0.0745683,0.075303,0.0759198,0.076418,0.0767975,0.077058,0.0771999,0.0772232,0.0771285,0.0769166,0.076588,0.0761442,0.075586,0.0749142,0.0741266,0.0741266
-0.0830873,-0.0830873,-0.0838863,-0.0845642,-0.0851223,-0.085561,-0.0858797,-0.0860782,-0.086156,-0.0861135,-0.0859505,-0.0856676,-0.0852653,-0.0847438,-0.0841045,-0.0833487,-0.0824761,-0.0814899,-0.0803904,-0.0791801,-0.0778605,-0.0764341,-0.0749026,-0.0732696,-0.0715362,-0.0697071,-0.0677838,-0.0657699,-0.0636694,-0.0614841,-0.0592193,-0.0568772,-0.054462,-0.0519775,-0.0494272,-0.0468148,-0.0441445,-0.0414198,-0.038644,-0.0358225,-0.0329573,-0.030053,-0.0271146,-0.0241424,-0.0211449,-0.0181231,-0.0150789,-0.0120221,-0.00895051,-0.00587024,-0.00278664,0.000299001,0.00338118,0.0064564,0.00952068,0.0125699,0.0156001,0.0186071,0.0215868,0.0245348,0.0274471,0.0303191,0.0331468,0.0359256,0.0386513,0.0413194,0.0439256,0.0464657,0.048935,0.0513297,0.0536452,0.0558778,0.0580233,0.0600779,0.0620379,0.0638999,0.0656605,0.0673167,0.0688654,0.0703046,0.0716309,0.0728435,0.0739393,0.0749178,0.0757769,0.0765161,0.0771344,0.0776315,0.0780067,0.0782606,0.0783927,0.078404,0.0782948,0.0780657,0.0777182,0.0772529,0.0766714,0.0759754,0.0751615,0.0751615
-0.0842062,-0.0842062,-0.0850315,-0.0857322,-0.0863129,-0.0867718,-0.0871085,-0.0873223,-0.0874132,-0.087381,-0.0872259,-0.0869484,-0.0865483,-0.0860269,-0.0853852,-0.0846235,-0.083744,-0.0827468,-0.081635,-0.0804094,-0.0790725,-0.0776261,-0.0760734,-0.0744156,-0.0726575,-0.0707997,-0.0688473,-0.0668027,-0.0646684,-0.0624502,-0.060149,-0.0577705,-0.0553174,-0.0527938,-0.0502035,-0.0475506,-0.0448382,-0.0420706,-0.039254,-0.0363862,-0.0334773,-0.0305301,-0.0275426,-0.0245311,-0.0214818,-0.0184122,-0.01533,-0.0122173,-0.00909986,-0.0059749,-0.00283967,0.000293569,0.00342481,0.00654945,0.00966339,0.0127626,0.0158429,0.0189002,0.0219302,0.0249287,0.0278913,0.0308136,0.0336912,0.0365196,0.0392944,0.0420108,0.0446647,0.0472512,0.0497663,0.052205,0.0545634,0.056837,0.0590219,0.0611137,0.063109,0.0650038,0.0667951,0.0684789,0.0700534,0.0715143,0.0728612,0.0740895,0.0751998,0.0761882,0.0770554,0.0777988,0.0784187,0.078914,0.0792849,0.079531,0.079653,0.0796512,0.0795262,0.0792793,0.0789111,0.0784234,0.0778172,0.0770946,0.0762523,0.0762523
-0.0853831,-0.0853831,-0.0862371,-0.0869639,-0.0875682,-0.0880488,-0.0884041,-0.0886348,-0.0887395,-0.0887187,-0.0885722,-0.0883004,-0.0879033,-0.0873831,-0.0867386,-0.0859713,-0.0850843,-0.0840772,-0.0829517,-0.0817108,-0.0803558,-0.0788893,-0.0773134,-0.0756316,-0.0738455,-0.0719597,-0.0699761,-0.0678983,-0.0657309,-0.0634755,-0.0611379,-0.0587202,-0.0562273,-0.0536625,-0.0510301,-0.0483337,-0.0455778,-0.0427664,-0.0399001,-0.0369909,-0.0340347,-0.0310365,-0.0280076,-0.0249362,-0.02185,-0.0187325,-0.0155836,-0.0124374,-0.00926653,-0.006084,-0.00290335,0.000283216,0.00346661,0.00664356,0.00981016,0.0129623,0.0160959,0.0192066,0.0222901,0.0253422,0.0283583,0.0313339,0.0342647,0.0371456,0.0399725,0.0427405,0.0454448,0.048081,0.0506442,0.05313,0.0555337,0.057851,0.0600773,0.062209,0.0642414,0.0661713,0.0679944,0.0697084,0.0713086,0.0727945,0.0741605,0.0754078,0.076531,0.0775316,0.0784057,0.0791543,0.0797751,0.0802687,0.0806344,0.0808725,0.0809833,0.0809675,0.0808259,0.0805594,0.0801696,0.0796577,0.0790254,0.0782745,0.0774022,0.0774022
-0.086623,-0.086623,-0.0875064,-0.0882613,-0.0888909,-0.0893938,-0.0897703,-0.0900181,-0.0901382,-0.0901294,-0.0899923,-0.0897267,-0.0893347,-0.0888134,-0.0881671,-0.0873965,-0.0864998,-0.0854825,-0.0843444,-0.083087,-0.0817135,-0.0802259,-0.0786267,-0.0769187,-0.0751049,-0.0731885,-0.0711726,-0.0690612,-0.066857,-0.0645646,-0.0621873,-0.0597291,-0.0571939,-0.0545861,-0.051909,-0.0491673,-0.0463648,-0.043505,-0.0405945,-0.0376323,-0.034627,-0.0315819,-0.0284968,-0.0253852,-0.0222352,-0.019065,-0.01588,-0.0126643,-0.00944296,-0.00621319,-0.00297235,0.000267267,0.00350568,0.00673818,0.00996068,0.013169,0.016359,0.0195263,0.0226666,0.0257754,0.0288483,0.0318806,0.0348674,0.0378046,0.0406865,0.043509,0.0462671,0.0489557,0.0515702,0.0541058,0.0565575,0.0589208,0.0611917,0.0633649,0.0654371,0.0674034,0.0692612,0.0710056,0.072635,0.0741445,0.0755338,0.0767979,0.0779376,0.0789485,0.0798317,0.0805842,0.0812067,0.0816979,0.0820582,0.0822875,0.0823864,0.0823556,0.082196,0.081909,0.0814959,0.0809583,0.0802986,0.0795174,0.078613,0.078613
-0.087927,-0.087927,-0.0888426,-0.0896268,-0.090283,-0.0908107,-0.0912083,-0.0914756,-0.0916113,-0.0916161,-0.091489,-0.0912311,-0.0908416,-0.0903234,-0.0896749,-0.0888976,-0.0879952,-0.0869663,-0.0858142,-0.0845408,-0.083148,-0.0816384,-0.0800149,-0.0782798,-0.076437,-0.0744888,-0.0724394,-0.070292,-0.0680501,-0.0657184,-0.0632995,-0.0607988,-0.0582195,-0.0555658,-0.0528422,-0.0500526,-0.047201,-0.0442922,-0.0413293,-0.0383173,-0.0352595,-0.0321608,-0.0290245,-0.0258537,-0.0226554,-0.0194299,-0.0161816,-0.0129183,-0.00963851,-0.00634849,-0.00305352,0.000245124,0.00354176,0.00683296,0.0101145,0.0133822,0.0166318,0.0198591,0.0230594,0.0262285,0.0293613,0.0324535,0.0355001,0.0384961,0.0414368,0.044317,0.0471318,0.0498759,0.0525448,0.0551328,0.0576355,0.0600478,0.0623651,0.0645829,0.0666965,0.0687022,0.0705956,0.0723734,0.0740321,0.0755684,0.0769802,0.0782641,0.0794192,0.0804427,0.081334,0.0820917,0.0827152,0.0832041,0.0835585,0.0837784,0.0838647,0.0838179,0.0836394,0.0833303,0.0828925,0.0823278,0.0816376,0.0808258,0.0798876,0.0798876
-0.0892987,-0.0892987,-0.0902473,-0.0910622,-0.0917475,-0.0923011,-0.0927217,-0.0930089,-0.0931624,-0.0931808,-0.093065,-0.0928147,-0.0924304,-0.0919127,-0.0912626,-0.0904814,-0.0895701,-0.0885304,-0.0873642,-0.0860738,-0.0846611,-0.0831289,-0.0814797,-0.079717,-0.0778431,-0.0758624,-0.0737776,-0.0715924,-0.0693119,-0.0669378,-0.0644766,-0.0619305,-0.0593051,-0.0566034,-0.0538308,-0.0509907,-0.0480881,-0.0451264,-0.0421104,-0.0390442,-0.035932,-0.032777,-0.0295848,-0.0263576,-0.023101,-0.0198179,-0.0165118,-0.0131881,-0.00984939,-0.00649977,-0.00314341,0.00021575,0.00357408,0.00692713,0.0102711,0.0136014,0.0169141,0.0202046,0.0234684,0.0267007,0.0298972,0.0330524,0.0361621,0.0392203,0.042223,0.0451641,0.0480387,0.0508418,0.0535675,0.0562115,0.0587677,0.0612319,0.0635983,0.0658629,0.0680207,0.0700674,0.0719989,0.0738118,0.0755012,0.0770666,0.0785012,0.0798072,0.0809776,0.0820152,0.0829148,0.0836781,0.0843027,0.0847893,0.0851374,0.0853475,0.0854203,0.0853567,0.085158,0.0848257,0.0843616,0.0837677,0.0830464,0.0821999,0.0812255,0.0812255
-0.0907371,-0.0907371,-0.0917222,-0.0925707,-0.0932861,-0.0938673,-0.0943126,-0.0946216,-0.0947926,-0.0948265,-0.0947222,-0.0944803,-0.0941011,-0.0935849,-0.0929333,-0.0921472,-0.0912274,-0.0901764,-0.0889957,-0.0876875,-0.0862541,-0.0846982,-0.0830228,-0.0812305,-0.0793252,-0.0773097,-0.075188,-0.0729645,-0.0706415,-0.0682254,-0.0657181,-0.0631256,-0.060451,-0.0576999,-0.0548753,-0.0519828,-0.049026,-0.0460096,-0.0429376,-0.0398147,-0.0366445,-0.0334317,-0.0301798,-0.0268935,-0.0235761,-0.020232,-0.016865,-0.0134787,-0.0100774,-0.00666471,-0.00324465,0.000178889,0.00360175,0.00702011,0.0104295,0.013826,0.0172049,0.020562,0.0238925,0.0271917,0.0304548,0.0336769,0.0368522,0.039977,0.0430441,0.0460496,0.0489875,0.0518522,0.0546385,0.0573407,0.059954,0.062472,0.0648909,0.0672047,0.069409,0.0714992,0.0734712,0.0753202,0.0770442,0.0786372,0.0801,0.0814253,0.0826159,0.0836654,0.0845761,0.0853443,0.085971,0.0864549,0.0867967,0.0869965,0.0870553,0.086974,0.086754,0.0863971,0.085905,0.0852803,0.0845252,0.0836421,0.0826293,0.0826293
-0.0922459,-0.0922459,-0.0932693,-0.0941533,-0.0949014,-0.0955116,-0.0959833,-0.0963144,-0.0965054,-0.0965546,-0.0964629,-0.0962297,-0.0958557,-0.0953416,-0.0946881,-0.0938966,-0.0929686,-0.0919055,-0.0907096,-0.0893829,-0.0879279,-0.0863474,-0.0846442,-0.0828215,-0.0808828,-0.0788314,-0.0766717,-0.0744066,-0.0720414,-0.0695793,-0.0670253,-0.0643834,-0.0616584,-0.0588545,-0.0559765,-0.0530286,-0.0500156,-0.0469416,-0.0438113,-0.0406287,-0.0373984,-0.0341243,-0.0308108,-0.0274617,-0.0240812,-0.0206731,-0.0172416,-0.0137903,-0.0103233,-0.00684442,-0.0033575,0.00013331,0.00362416,0.00711078,0.0105891,0.0140548,0.0175033,0.0209303,0.0243307,0.0277002,0.0310333,0.034325,0.0375706,0.0407633,0.0438997,0.0469721,0.0499765,0.0529061,0.0557558,0.0585198,0.0611922,0.063768,0.0662414,0.0686072,0.0708607,0.0729967,0.0750111,0.0768995,0.078658,0.0802836,0.0817723,0.0831226,0.0843309,0.0853965,0.086317,0.087092,0.0877205,0.0882024,0.0885377,0.088727,0.0887712,0.0886713,0.0884291,0.0880461,0.0875247,0.086867,0.0860759,0.0851545,0.0840987,0.0840987
-0.0938255,-0.0938255,-0.0948907,-0.0958124,-0.0965947,-0.0972364,-0.0977351,-0.0980906,-0.0983013,-0.0983676,-0.0982884,-0.0980646,-0.097696,-0.0971837,-0.0965283,-0.0957313,-0.0947941,-0.0937185,-0.0925065,-0.0911605,-0.0896828,-0.0880765,-0.0863442,-0.0844899,-0.0825161,-0.0804277,-0.0782272,-0.0759202,-0.0735096,-0.0710005,-0.0683973,-0.0657042,-0.0629264,-0.0600678,-0.0571336,-0.0541283,-0.0510563,-0.0479225,-0.044731,-0.0414865,-0.0381932,-0.0348554,-0.0314772,-0.0280629,-0.0246163,-0.0211417,-0.0176427,-0.0141234,-0.0105878,-0.00703961,-0.00348294,7.83628e-05,0.0036401,0.00719829,0.0107485,0.0142866,0.017808,0.0213078,0.0247819,0.0282243,0.0316309,0.034996,0.0383137,0.0415797,0.0447865,0.0479305,0.0510035,0.0540018,0.0569176,0.0597464,0.0624813,0.0651174,0.0676481,0.070069,0.0723739,0.0745587,0.0766178,0.0785478,0.0803435,0.0820027,0.0835205,0.084896,0.0861248,0.0872068,0.088139,0.0889213,0.0895524,0.0900325,0.0903616,0.0905403,0.0905693,0.0904504,0.0901847,0.0897745,0.089222,0.0885298,0.0877004,0.086737,0.0856366,0.0856366
-0.0954784,-0.0954784,-0.0965877,-0.0975496,-0.0983687,-0.0990427,-0.0995707,-0.099951,-0.100183,-0.100266,-0.100201,-0.0999862,-0.0996233,-0.0991124,-0.0984549,-0.0976518,-0.0967048,-0.0956158,-0.0943868,-0.0930203,-0.0915188,-0.0898852,-0.0881229,-0.0862347,-0.0842252,-0.0820969,-0.0798554,-0.0775032,-0.0750462,-0.072488,-0.0698334,-0.0670873,-0.0642541,-0.0613389,-0.0583464,-0.0552811,-0.0521482,-0.0489517,-0.0456969,-0.0423878,-0.0390291,-0.0356248,-0.0321795,-0.0286971,-0.0251819,-0.0216377,-0.0180687,-0.0144786,-0.0108714,-0.00725116,-0.00362169,1.29093e-05,0.00364867,0.00728128,0.0109066,0.0145201,0.0181173,0.0216936,0.0252436,0.0287629,0.0322458,0.0356869,0.0390812,0.0424217,0.0457043,0.0489208,0.0520676,0.0551361,0.0581223,0.061018,0.0638191,0.0665177,0.0691096,0.0715875,0.0739474,0.0761829,0.07829,0.0802632,0.0820995,0.0837935,0.0853438,0.0867451,0.0879974,0.0890963,0.0900422,0.0908325,0.0914674,0.0919462,0.0922694,0.0924374,0.0924513,0.0923124,0.0920225,0.0915838,0.0909986,0.0902697,0.0893999,0.0883924,0.0872441,0.0872441
-0.0972069,-0.0972069,-0.0983625,-0.0993671,-0.100224,-0.100933,-0.101491,-0.101898,-0.102152,-0.102253,-0.102201,-0.101996,-0.101639,-0.101129,-0.100469,-0.099659,-0.0987013,-0.0975979,-0.0963508,-0.0949625,-0.0934357,-0.0917736,-0.0899792,-0.0880564,-0.0860083,-0.0838397,-0.0815539,-0.079156,-0.0766499,-0.0740406,-0.0713329,-0.0685313,-0.0656411,-0.0626669,-0.0596137,-0.0564866,-0.0532899,-0.0500291,-0.0467082,-0.0433322,-0.0399055,-0.0364325,-0.0329174,-0.0293646,-0.0257779,-0.0221618,-0.0185198,-0.0148563,-0.0111749,-0.00747977,-0.00377477,-6.39325e-05,0.00364856,0.00735865,0.0110618,0.0147538,0.0184298,0.0220851,0.0257146,0.0293134,0.0328757,0.0363964,0.0398692,0.0432888,0.0466485,0.0499426,0.0531642,0.0563079,0.0593658,0.0623333,0.0652019,0.0679676,0.0706222,0.0731614,0.0755782,0.0778681,0.0800251,0.0820454,0.0839234,0.0856565,0.0872395,0.088671,0.0899468,0.0910662,0.0920262,0.0928265,0.0934659,0.0939445,0.0942622,0.0944197,0.0944182,0.094259,0.0939441,0.0934756,0.0928562,0.0920885,0.091176,0.0901217,0.0889223,0.0889223
-0.099012,-0.099012,-0.100217,-0.101266,-0.102164,-0.102909,-0.103499,-0.103934,-0.10421,-0.10433,-0.104292,-0.104096,-0.103744,-0.103235,-0.102571,-0.101754,-0.100784,-0.0996653,-0.0983987,-0.0969872,-0.0954337,-0.0937413,-0.0919134,-0.0899537,-0.0878658,-0.0856543,-0.083323,-0.0808769,-0.07832,-0.0756577,-0.0728946,-0.0700358,-0.0670862,-0.0640509,-0.0609351,-0.0577435,-0.0544814,-0.0511534,-0.0477645,-0.0443193,-0.0408224,-0.037278,-0.0336909,-0.030065,-0.0264047,-0.0227139,-0.0189967,-0.015257,-0.0114989,-0.00772625,-0.00394305,-0.000153373,0.0036387,0.00742884,0.0112128,0.0149859,0.0187437,0.0224808,0.0261929,0.0298737,0.0335187,0.0371215,0.0406763,0.0441774,0.0476178,0.0509918,0.0542923,0.0575128,0.0606472,0.0636876,0.066629,0.069463,0.072185,0.0747873,0.077265,0.0796116,0.0818224,0.0838916,0.0858155,0.0875888,0.0892089,0.0906714,0.0919746,0.0931152,0.0940921,0.0949036,0.0955492,0.0960283,0.0963413,0.0964887,0.0964717,0.0962919,0.0959511,0.0954517,0.0947964,0.0939882,0.0930302,0.0919266,0.0906734,0.0906734
-0.100897,-0.100897,-0.102154,-0.10325,-0.104191,-0.104973,-0.105597,-0.106059,-0.10636,-0.106499,-0.106475,-0.106288,-0.10594,-0.105432,-0.104763,-0.103937,-0.102955,-0.101819,-0.100531,-0.0990951,-0.0975129,-0.0957886,-0.0939251,-0.0919266,-0.0897973,-0.0875405,-0.0851622,-0.0826651,-0.0800561,-0.0773383,-0.074518,-0.0715996,-0.0685887,-0.0654902,-0.0623095,-0.0590517,-0.0557217,-0.0523246,-0.0488654,-0.0453488,-0.0417792,-0.0381616,-0.0345,-0.0307989,-0.0270624,-0.0232947,-0.0194997,-0.0156816,-0.0118442,-0.00799152,-0.0041276,-0.000256477,0.00361767,0.00749057,0.0113578,0.0152149,0.0190568,0.022879,0.0266755,0.0304422,0.034172,0.03786,0.0414999,0.0450849,0.0486096,0.052066,0.0554485,0.0587496,0.0619623,0.0650804,0.0680959,0.0710032,0.0737944,0.0764642,0.0790053,0.0814125,0.0836796,0.0858018,0.0877736,0.0895914,0.0912503,0.0927477,0.0940799,0.0952449,0.0962403,0.0970652,0.0977183,0.0981995,0.0985085,0.0986465,0.0986141,0.0984132,0.0980458,0.0975142,0.0968214,0.0959705,0.0949652,0.0938087,0.0924981,0.0924981
-0.102862,-0.102862,-0.104174,-0.10532,-0.106306,-0.107129,-0.107787,-0.108279,-0.108604,-0.108762,-0.108752,-0.108575,-0.108231,-0.107721,-0.107048,-0.106212,-0.105215,-0.10406,-0.10275,-0.101287,-0.0996746,-0.0979158,-0.0960152,-0.0939758,-0.091802,-0.0894993,-0.0870703,-0.0845216,-0.0818571,-0.0790825,-0.0762025,-0.0732227,-0.0701482,-0.0669846,-0.0637369,-0.0604106,-0.0570107,-0.0535425,-0.0500107,-0.0464205,-0.0427764,-0.039083,-0.0353449,-0.0315662,-0.0277515,-0.0239045,-0.0200295,-0.0161306,-0.0122116,-0.00827654,-0.00432947,-0.000374498,0.00358419,0.00754236,0.0114954,0.0154389,0.0193679,0.0232771,0.0271619,0.0310157,0.034834,0.0386098,0.0423371,0.0460099,0.0496207,0.0531633,0.0566305,0.060015,0.0633102,0.066508,0.0696023,0.0725849,0.07545,0.0781897,0.0807985,0.0832691,0.0855967,0.0877746,0.0897987,0.0916634,0.0933652,0.0948998,0.0962645,0.0974561,0.0984729,0.099313,0.0999757,0.10046,0.100767,0.100895,0.100848,0.100626,0.100231,0.0996661,0.0989342,0.0980385,0.0969826,0.0957711,0.0943994,0.0943994
-0.104912,-0.104912,-0.106282,-0.107481,-0.108513,-0.109378,-0.110072,-0.110595,-0.110946,-0.111123,-0.111127,-0.110959,-0.110618,-0.110108,-0.109427,-0.10858,-0.107567,-0.106392,-0.105057,-0.103565,-0.10192,-0.100125,-0.0981846,-0.096102,-0.093883,-0.0915298,-0.0890494,-0.0864465,-0.0837242,-0.0808904,-0.0779487,-0.0749051,-0.0717652,-0.068534,-0.0652174,-0.0618204,-0.0583486,-0.054807,-0.0512008,-0.0475349,-0.043814,-0.040043,-0.036226,-0.0323678,-0.0284724,-0.0245441,-0.020587,-0.0166049,-0.0126021,-0.00858232,-0.00454987,-0.000508698,0.00353697,0.00758268,0.0116241,0.0156564,0.0196747,0.0236741,0.0276487,0.0315937,0.0355021,0.0393688,0.0431866,0.0469493,0.0506498,0.0542815,0.0578363,0.061308,0.064688,0.06797,0.0711454,0.074208,0.0771495,0.0799638,0.0826431,0.0851819,0.0875729,0.0898112,0.0918905,0.0938066,0.0955542,0.09713,0.0985299,0.0997516,0.100792,0.10165,0.102324,0.102814,0.103119,0.103239,0.103177,0.102934,0.102511,0.101911,0.101138,0.100195,0.0990865,0.0978157,0.0963801,0.0963801
-0.10705,-0.10705,-0.108481,-0.109735,-0.110818,-0.111726,-0.112458,-0.113013,-0.113389,-0.113586,-0.113605,-0.113445,-0.113107,-0.112594,-0.111906,-0.111045,-0.110015,-0.108817,-0.107455,-0.105932,-0.104253,-0.102419,-0.100436,-0.0983091,-0.0960392,-0.0936359,-0.0911015,-0.0884392,-0.0856603,-0.0827627,-0.0797577,-0.0766482,-0.0734402,-0.0701396,-0.0667518,-0.0632821,-0.0597362,-0.0561192,-0.0524364,-0.0486927,-0.044893,-0.041042,-0.0371444,-0.0332043,-0.0292264,-0.0252145,-0.0211729,-0.0171057,-0.0130167,-0.00891021,-0.00478997,-0.000660347,0.00347451,0.00761028,0.0117423,0.0158659,0.0199762,0.0240678,0.0281355,0.0321731,0.0361754,0.040135,0.0440465,0.047902,0.0516955,0.0554186,0.0590652,0.0626265,0.0660956,0.0694644,0.0727257,0.075871,0.0788939,0.0817858,0.0845408,0.0871507,0.0896103,0.0919121,0.0940516,0.0960223,0.0978204,0.0994406,0.10088,0.102134,0.103202,0.104081,0.104769,0.105265,0.10557,0.105683,0.105606,0.105341,0.104889,0.104253,0.103438,0.102445,0.10128,0.0999473,0.0984431,0.0984431
-0.109279,-0.109279,-0.110775,-0.112087,-0.113222,-0.114177,-0.114949,-0.115537,-0.11594,-0.116158,-0.11619,-0.116038,-0.115703,-0.115185,-0.114488,-0.113613,-0.112562,-0.111341,-0.109949,-0.108393,-0.106676,-0.104801,-0.102774,-0.100596,-0.0982786,-0.095819,-0.0932261,-0.0905086,-0.0876622,-0.0847043,-0.0816313,-0.0784536,-0.0751757,-0.071803,-0.0683417,-0.0647972,-0.061175,-0.0574805,-0.0537188,-0.0498953,-0.0460146,-0.0420818,-0.0381011,-0.0340773,-0.0300144,-0.0259169,-0.0217888,-0.0176341,-0.013457,-0.00926126,-0.00505122,-0.00083081,0.0033956,0.00762361,0.0118487,0.0160661,0.0202706,0.0244573,0.0286201,0.0327539,0.0368517,0.040908,0.0449151,0.0488673,0.0527559,0.0565749,0.0603157,0.0639703,0.0675325,0.0709919,0.0743424,0.0775755,0.0806828,0.0836578,0.0864916,0.0891785,0.09171,0.094081,0.0962841,0.0983148,0.100167,0.101836,0.103318,0.10461,0.105708,0.10661,0.107314,0.107819,0.108125,0.108233,0.108142,0.107854,0.107372,0.106699,0.105838,0.104793,0.103569,0.10217,0.100593,0.100593
-0.111605,-0.111605,-0.113169,-0.114544,-0.115734,-0.116737,-0.117551,-0.118173,-0.118604,-0.118843,-0.11889,-0.118746,-0.118411,-0.117889,-0.11718,-0.116289,-0.115217,-0.113968,-0.112545,-0.110953,-0.109195,-0.107277,-0.1052,-0.102975,-0.100598,-0.0980844,-0.0954334,-0.0926475,-0.0897435,-0.0867134,-0.0835737,-0.0803246,-0.0769738,-0.0735271,-0.0699898,-0.0663681,-0.0626673,-0.0588929,-0.0550503,-0.0511446,-0.0471809,-0.0431637,-0.0390981,-0.0349881,-0.0308384,-0.026653,-0.0224362,-0.0181919,-0.0139242,-0.00963724,-0.0053349,-0.00102151,0.00329877,0.00762145,0.011942,0.0162554,0.020557,0.0248409,0.0291021,0.0333339,0.037531,0.041686,0.045793,0.0498436,0.0538321,0.0577492,0.0615876,0.0653413,0.0689975,0.0725539,0.0759971,0.0793218,0.0825194,0.0855807,0.0884996,0.0912668,0.0938766,0.0963205,0.0985934,0.100688,0.102599,0.104322,0.105852,0.107184,0.108316,0.109244,0.109967,0.110484,0.110793,0.110895,0.11079,0.110481,0.109968,0.109256,0.108347,0.107246,0.105959,0.104489,0.102835,0.102835
-0.114033,-0.114033,-0.11567,-0.11711,-0.118359,-0.119414,-0.120271,-0.120931,-0.12139,-0.121651,-0.121712,-0.121574,-0.12124,-0.120712,-0.119991,-0.119081,-0.117984,-0.116706,-0.115249,-0.113618,-0.111818,-0.10985,-0.107726,-0.105442,-0.103014,-0.100436,-0.0977204,-0.0948749,-0.091896,-0.0888012,-0.0855872,-0.082265,-0.078839,-0.0753151,-0.0716995,-0.0679979,-0.064216,-0.0603595,-0.0564334,-0.0524434,-0.048394,-0.0442906,-0.0401374,-0.0359392,-0.0317002,-0.0274247,-0.0231168,-0.0187807,-0.0144203,-0.0100395,-0.00564275,-0.00123389,0.0031826,0.00760244,0.0120208,0.0164331,0.0208339,0.0252182,0.0295799,0.0339135,0.038212,0.0424696,0.0466784,0.0508324,0.0549226,0.0589423,0.062884,0.0667363,0.0704965,0.0741493,0.0776926,0.0811134,0.084405,0.0875594,0.090567,0.0934214,0.0961134,0.0986369,0.100984,0.103148,0.105124,0.106905,0.108486,0.109864,0.111034,0.111992,0.112738,0.113268,0.113582,0.113679,0.113561,0.113229,0.112685,0.111931,0.110972,0.109813,0.108457,0.106913,0.105174,0.105174
-0.11657,-0.11657,-0.118285,-0.119795,-0.121106,-0.122215,-0.123119,-0.123817,-0.124307,-0.124589,-0.124664,-0.124534,-0.124199,-0.123663,-0.122928,-0.121997,-0.120874,-0.119564,-0.11807,-0.116397,-0.114549,-0.112534,-0.110352,-0.108015,-0.10552,-0.102882,-0.100101,-0.0971828,-0.094138,-0.0909663,-0.0876791,-0.0842798,-0.0807753,-0.0771718,-0.0734749,-0.0696908,-0.0658252,-0.0618837,-0.0578718,-0.0537946,-0.0496575,-0.0454649,-0.0412221,-0.036933,-0.0326024,-0.0282343,-0.0238331,-0.0194026,-0.014947,-0.0104702,-0.00597635,-0.00146968,0.00304568,0.00756509,0.0120841,0.0165976,0.0211009,0.0255879,0.0300536,0.0344912,0.038895,0.0432577,0.047573,0.0518324,0.0560296,0.0601557,0.0642023,0.0681628,0.0720251,0.0757851,0.0794297,0.0829529,0.0863448,0.0895962,0.0926999,0.0956458,0.0984274,0.101035,0.103463,0.105703,0.107748,0.109592,0.111232,0.112659,0.113871,0.114864,0.115634,0.116181,0.116501,0.116596,0.116465,0.11611,0.115532,0.114736,0.113724,0.112501,0.111074,0.109448,0.10762,0.10762
-0.119224,-0.119224,-0.121022,-0.122607,-0.123985,-0.125151,-0.126104,-0.126842,-0.127363,-0.127669,-0.127758,-0.127634,-0.127298,-0.126752,-0.126001,-0.125048,-0.123896,-0.12255,-0.121017,-0.119298,-0.117402,-0.11533,-0.113093,-0.110691,-0.108137,-0.105428,-0.102577,-0.0995884,-0.0964666,-0.0932202,-0.089854,-0.0863746,-0.0827887,-0.0791021,-0.075321,-0.0714514,-0.0674991,-0.06347,-0.0593692,-0.0552024,-0.0509744,-0.0466905,-0.0423549,-0.0379727,-0.0335477,-0.0290847,-0.0245873,-0.02006,-0.0155066,-0.0109311,-0.00633772,-0.00173043,0.00288627,0.00750821,0.0121304,0.0167483,0.0213564,0.0259497,0.0305219,0.0350675,0.0395794,0.0440514,0.0484759,0.0528459,0.0571531,0.06139,0.0655474,0.0696179,0.0735913,0.0774602,0.0812137,0.0848445,0.0883418,0.0916979,0.0949023,0.0979476,0.100824,0.103523,0.106037,0.108359,0.11048,0.112395,0.114096,0.115579,0.116838,0.117869,0.118669,0.119234,0.119564,0.119657,0.119514,0.119135,0.118523,0.117681,0.116612,0.115323,0.113818,0.112105,0.110181,0.110181
-0.122003,-0.122003,-0.123891,-0.125556,-0.127004,-0.128233,-0.129238,-0.130018,-0.130572,-0.130901,-0.131005,-0.130886,-0.130548,-0.129992,-0.129222,-0.128244,-0.12706,-0.125677,-0.124099,-0.122332,-0.120381,-0.118254,-0.115953,-0.113488,-0.110862,-0.108085,-0.105159,-0.102094,-0.0988942,-0.0955672,-0.0921188,-0.0885562,-0.084885,-0.081112,-0.0772433,-0.0732848,-0.0692428,-0.0651226,-0.0609302,-0.0566705,-0.0523491,-0.0479704,-0.0435397,-0.0390611,-0.0345393,-0.0299783,-0.0253823,-0.0207553,-0.0161013,-0.0114245,-0.00672863,-0.00201814,0.00270302,0.00743003,0.0121587,0.0168837,0.0216003,0.0263025,0.0309852,0.0356416,0.0402658,0.0448503,0.0493887,0.0538728,0.0582952,0.0626466,0.0669211,0.0711053,0.0751968,0.0791785,0.0830486,0.0867917,0.0904022,0.0938681,0.0971816,0.100332,0.103311,0.106108,0.108717,0.111127,0.113331,0.115322,0.117092,0.118636,0.119947,0.121021,0.121853,0.122441,0.122782,0.122875,0.12272,0.122317,0.121669,0.120779,0.119651,0.11829,0.116702,0.114896,0.112868,0.112868
-0.12492,-0.12492,-0.126903,-0.128653,-0.130177,-0.131471,-0.132531,-0.133356,-0.133944,-0.134298,-0.134417,-0.134303,-0.133961,-0.133392,-0.132603,-0.131596,-0.130378,-0.128953,-0.127329,-0.125509,-0.123501,-0.121311,-0.118945,-0.11641,-0.113712,-0.110858,-0.107855,-0.104709,-0.101427,-0.0980152,-0.0944812,-0.0908306,-0.0870707,-0.0832074,-0.0792474,-0.0751966,-0.0710611,-0.0668468,-0.062559,-0.0582035,-0.0537851,-0.049309,-0.0447797,-0.0402021,-0.0355801,-0.0309183,-0.0262206,-0.021491,-0.0167337,-0.0119523,-0.00715131,-0.00233432,0.0024939,0.00732957,0.0121673,0.0170031,0.0218309,0.0266462,0.0314423,0.0362138,0.0409536,0.0456555,0.0503115,0.0549146,0.0594562,0.0639293,0.0683221,0.0726317,0.0768397,0.0809477,0.0849354,0.0888011,0.0925297,0.0961141,0.0995426,0.102807,0.105895,0.108799,0.111509,0.114015,0.116309,0.118384,0.12023,0.121841,0.12321,0.124332,0.125201,0.125815,0.12617,0.126265,0.126098,0.125671,0.124986,0.124045,0.122853,0.121415,0.119739,0.117832,0.115691,0.115691
-0.127983,-0.127983,-0.130068,-0.131911,-0.133516,-0.134879,-0.135998,-0.13687,-0.137495,-0.137873,-0.138006,-0.137898,-0.13755,-0.136968,-0.136155,-0.135118,-0.133861,-0.132393,-0.130716,-0.12884,-0.126771,-0.124514,-0.122078,-0.119468,-0.116694,-0.113759,-0.110673,-0.107442,-0.104073,-0.100572,-0.0969474,-0.0932053,-0.089352,-0.0853946,-0.0813391,-0.0771921,-0.0729595,-0.0686471,-0.0642606,-0.0598055,-0.0552869,-0.0507097,-0.0460788,-0.0413985,-0.0366734,-0.0319075,-0.0271049,-0.0222698,-0.0174057,-0.0125171,-0.0076074,-0.00268128,0.00225785,0.00720465,0.0121556,0.0171048,0.0220482,0.0269793,0.0318934,0.0367834,0.0416436,0.0464665,0.0512453,0.0559718,0.0606388,0.0652363,0.0697587,0.0741911,0.0785326,0.0827634,0.0868831,0.0908741,0.0947309,0.09844,0.101993,0.105378,0.108585,0.111603,0.114423,0.117034,0.119427,0.121591,0.123521,0.125206,0.126639,0.127815,0.128727,0.129371,0.129743,0.129841,0.129665,0.129213,0.128489,0.127494,0.126234,0.124714,0.122942,0.120926,0.118664,0.118664
-0.131205,-0.131205,-0.133401,-0.135342,-0.137034,-0.138471,-0.139652,-0.140574,-0.141237,-0.141641,-0.141789,-0.141684,-0.14133,-0.140731,-0.139893,-0.138822,-0.137525,-0.136006,-0.134275,-0.132337,-0.130201,-0.127874,-0.125361,-0.122674,-0.119815,-0.116796,-0.113622,-0.110301,-0.106839,-0.103245,-0.0995253,-0.0956863,-0.0917355,-0.0876792,-0.0835242,-0.0792766,-0.0749427,-0.0705283,-0.0660391,-0.0614807,-0.056858,-0.0521763,-0.04744,-0.0426538,-0.0378221,-0.0329487,-0.0280381,-0.0230938,-0.0181202,-0.0131205,-0.00809948,-0.0030601,0.00199228,0.00705474,0.0121212,0.0171886,0.0222501,0.027302,0.0323371,0.0373505,0.0423349,0.047284,0.0521899,0.0570458,0.0618423,0.0665728,0.0712254,0.0757955,0.0802671,0.0846375,0.0888895,0.0930181,0.0970086,0.100853,0.104537,0.108053,0.111387,0.114529,0.117467,0.120192,0.122692,0.124957,0.126977,0.128744,0.130249,0.131485,0.132445,0.133124,0.133517,0.133621,0.133435,0.132959,0.132194,0.131143,0.129811,0.128203,0.126328,0.124194,0.121799,0.121799
-0.134599,-0.134599,-0.136915,-0.138962,-0.140746,-0.142263,-0.143509,-0.144484,-0.145186,-0.145617,-0.145779,-0.145677,-0.145314,-0.144696,-0.14383,-0.142722,-0.141377,-0.139807,-0.138015,-0.136011,-0.133804,-0.131398,-0.128807,-0.126033,-0.123088,-0.119977,-0.11671,-0.113293,-0.109734,-0.106041,-0.102221,-0.0982805,-0.0942268,-0.0900672,-0.0858077,-0.0814551,-0.0770155,-0.0724947,-0.0678988,-0.0632328,-0.0585023,-0.053712,-0.0488667,-0.0439709,-0.0390288,-0.0340447,-0.0290223,-0.0239659,-0.0188786,-0.0137653,-0.00862857,-0.00347369,0.00169677,0.00687688,0.0120641,0.0172517,0.0224367,0.027612,0.0327734,0.0379138,0.0430276,0.0481072,0.053146,0.0581356,0.0630691,0.0679359,0.0727298,0.0774378,0.0820545,0.0865648,0.0909628,0.0952335,0.099369,0.103355,0.107182,0.110837,0.114308,0.117584,0.120651,0.123499,0.126116,0.12849,0.130611,0.132469,0.134054,0.135357,0.136371,0.13709,0.137508,0.137621,0.137428,0.136928,0.136122,0.135011,0.133602,0.1319,0.129913,0.127652,0.125114,0.125114
-0.13818,-0.13818,-0.140624,-0.142785,-0.144669,-0.14627,-0.147586,-0.148616,-0.149358,-0.149816,-0.149992,-0.149891,-0.149517,-0.148878,-0.147979,-0.146829,-0.145435,-0.143805,-0.141949,-0.139873,-0.137587,-0.135102,-0.132421,-0.129559,-0.126518,-0.123311,-0.119944,-0.116426,-0.112764,-0.108967,-0.10504,-0.100993,-0.0968315,-0.092563,-0.0881943,-0.0837317,-0.0791817,-0.0745502,-0.0698428,-0.0650653,-0.0602225,-0.0553198,-0.0503615,-0.0453521,-0.0402963,-0.0351973,-0.0300601,-0.0248873,-0.0196839,-0.0144523,-0.00919768,-0.00392243,0.00136802,0.00667127,0.0119808,0.0172944,0.0226053,0.027909,0.0332003,0.0384731,0.0437199,0.0489359,0.0541122,0.0592423,0.0643169,0.069329,0.0742674,0.0791252,0.0838894,0.0885525,0.0931009,0.0975258,0.101813,0.105953,0.109931,0.113737,0.117355,0.120775,0.123982,0.126964,0.129708,0.132203,0.134434,0.136392,0.138065,0.139444,0.14052,0.141285,0.141734,0.14186,0.141662,0.141139,0.140289,0.139117,0.137626,0.135824,0.133718,0.131318,0.128623,0.128623
-0.141962,-0.141962,-0.144545,-0.146829,-0.148819,-0.15051,-0.1519,-0.152987,-0.153771,-0.154256,-0.154445,-0.154342,-0.153955,-0.15329,-0.152355,-0.151158,-0.149708,-0.148015,-0.146087,-0.143934,-0.141565,-0.138989,-0.136217,-0.133255,-0.130116,-0.126805,-0.123333,-0.119707,-0.115936,-0.112027,-0.107989,-0.103829,-0.0995537,-0.0951712,-0.0906877,-0.0861102,-0.0814448,-0.0766975,-0.0718744,-0.0669805,-0.0620214,-0.0570019,-0.0519265,-0.0468,-0.0416259,-0.0364093,-0.0311525,-0.025861,-0.0205365,-0.0151845,-0.00980727,-0.00440932,0.00100615,0.00643398,0.011872,0.0173137,0.0227544,0.0281921,0.0336167,0.0390249,0.0444126,0.0497676,0.0550882,0.0603635,0.0655871,0.0707488,0.0758414,0.0808534,0.0857762,0.0905976,0.095308,0.099894,0.104345,0.108647,0.112789,0.116754,0.120532,0.124107,0.127467,0.130595,0.133478,0.136104,0.138457,0.140526,0.142299,0.143762,0.144909,0.145728,0.146212,0.146357,0.146157,0.145611,0.144718,0.143482,0.141905,0.139995,0.13776,0.135212,0.132347,0.132347
-0.145962,-0.145962,-0.148696,-0.151111,-0.153215,-0.155002,-0.156469,-0.157615,-0.158443,-0.158954,-0.159154,-0.159048,-0.158643,-0.157948,-0.156972,-0.155723,-0.154212,-0.152447,-0.150442,-0.148204,-0.145744,-0.143073,-0.140199,-0.137134,-0.133886,-0.130466,-0.126881,-0.12314,-0.119253,-0.115227,-0.111071,-0.106792,-0.102397,-0.0978947,-0.0932911,-0.0885931,-0.0838071,-0.0789392,-0.0739951,-0.0689806,-0.0639005,-0.05876,-0.0535636,-0.0483153,-0.0430202,-0.0376807,-0.0323023,-0.0268867,-0.0214394,-0.0159623,-0.0104596,-0.00493513,0.00060793,0.00616603,0.0117337,0.0173073,0.0228858,0.0284552,0.034021,0.0395718,0.0450983,0.050604,0.0560708,0.0614988,0.0668761,0.0721962,0.0774482,0.0826238,0.0877119,0.092702,0.097582,0.102341,0.106964,0.111441,0.115755,0.119895,0.123844,0.127588,0.131111,0.134398,0.137434,0.140203,0.142691,0.144884,0.146766,0.148326,0.149552,0.150434,0.150962,0.15113,0.150932,0.150366,0.149431,0.148128,0.146461,0.144437,0.142064,0.139354,0.136305,0.136305
-0.1502,-0.1502,-0.153096,-0.155652,-0.157877,-0.159764,-0.161312,-0.162521,-0.163391,-0.163928,-0.164136,-0.164023,-0.163597,-0.162867,-0.161843,-0.160536,-0.158956,-0.157115,-0.155023,-0.152693,-0.150134,-0.147359,-0.144378,-0.1412,-0.137837,-0.134298,-0.130593,-0.126731,-0.122721,-0.118571,-0.114289,-0.109885,-0.105364,-0.100736,-0.0960062,-0.0911822,-0.0862702,-0.0812764,-0.0762068,-0.0710665,-0.0658611,-0.0605951,-0.0552732,-0.0498999,-0.0444786,-0.0390141,-0.0335087,-0.0279674,-0.0223922,-0.0167873,-0.0111562,-0.00550102,0.000173103,0.0058631,0.0115655,0.0172778,0.0229878,0.0287056,0.0344098,0.0401038,0.0457856,0.0514348,0.0570608,0.0626441,0.0681834,0.0736667,0.0790871,0.0844334,0.0896956,0.0948628,0.099923,0.104864,0.109672,0.114333,0.118835,0.123159,0.127293,0.131218,0.13492,0.13838,0.141582,0.14451,0.147147,0.149476,0.151482,0.15315,0.154468,0.155422,0.156003,0.156201,0.156011,0.155428,0.15445,0.153079,0.151318,0.149173,0.146653,0.14377,0.14052,0.14052
-0.154695,-0.154695,-0.157765,-0.160473,-0.162826,-0.16482,-0.166452,-0.167724,-0.168637,-0.169198,-0.169411,-0.169287,-0.168834,-0.168062,-0.166984,-0.165611,-0.163954,-0.162027,-0.159842,-0.15741,-0.154744,-0.151857,-0.148758,-0.14546,-0.141973,-0.138308,-0.134475,-0.130483,-0.126342,-0.12206,-0.117647,-0.11311,-0.108457,-0.103696,-0.0988342,-0.0938783,-0.0888347,-0.0837098,-0.0785092,-0.0732387,-0.067903,-0.0625074,-0.0570559,-0.0515531,-0.0460027,-0.0404084,-0.0347738,-0.029102,-0.0233966,-0.0176607,-0.0118966,-0.00610945,-0.000300468,0.00552596,0.0113663,0.017214,0.0230746,0.0289264,0.034783,0.0406292,0.0464552,0.0522701,0.0580491,0.063799,0.0695038,0.0751593,0.0807539,0.0862793,0.0917246,0.097078,0.102328,0.107462,0.112465,0.117325,0.122024,0.126549,0.13088,0.135002,0.138896,0.142546,0.14593,0.149032,0.151833,0.154314,0.156458,0.158249,0.159671,0.16071,0.161353,0.161591,0.161415,0.160819,0.159802,0.158362,0.156503,0.15423,0.151554,0.148485,0.14502,0.14502
-0.159471,-0.159471,-0.162728,-0.165597,-0.168086,-0.170191,-0.171911,-0.173247,-0.174202,-0.174783,-0.174998,-0.174857,-0.17437,-0.17355,-0.172409,-0.170961,-0.169219,-0.167197,-0.164907,-0.162365,-0.159582,-0.156572,-0.153347,-0.149919,-0.146299,-0.142499,-0.138529,-0.134399,-0.130118,-0.125697,-0.121144,-0.116467,-0.111675,-0.106775,-0.101775,-0.096681,-0.0915002,-0.0862386,-0.0809021,-0.0754962,-0.070026,-0.0644961,-0.0589111,-0.0532748,-0.0475914,-0.041864,-0.0360965,-0.0302915,-0.0244525,-0.0185819,-0.0126837,-0.00675937,-0.000813402,0.00515141,0.0111321,0.0171267,0.0231236,0.0291331,0.0351348,0.0411323,0.0471239,0.0530902,0.0590406,0.0649562,0.0708359,0.076668,0.0824457,0.088158,0.0937944,0.0993441,0.104794,0.110132,0.115343,0.120412,0.125324,0.130061,0.134607,0.138941,0.143045,0.146899,0.150484,0.153777,0.156759,0.15941,0.161709,0.163638,0.16518,0.166317,0.167035,0.167323,0.167169,0.166567,0.165512,0.164004,0.162044,0.159638,0.156795,0.153528,0.14983,0.14983
-0.164552,-0.164552,-0.16801,-0.171049,-0.173682,-0.175904,-0.177714,-0.179113,-0.180109,-0.180707,-0.180918,-0.180753,-0.180225,-0.179347,-0.178134,-0.176601,-0.174762,-0.172634,-0.17023,-0.167566,-0.164655,-0.161512,-0.15815,-0.154581,-0.150819,-0.146873,-0.142757,-0.138479,-0.134051,-0.129482,-0.124781,-0.119957,-0.115018,-0.109972,-0.104827,-0.0995889,-0.094265,-0.0888613,-0.0833837,-0.0778376,-0.0722281,-0.0665598,-0.0608369,-0.0550638,-0.0492435,-0.0433801,-0.0374761,-0.031535,-0.0255593,-0.019552,-0.0135155,-0.00745301,-0.00136697,0.00474023,0.010864,0.0170017,0.0231531,0.0293058,0.0354657,0.0416228,0.0477688,0.0539078,0.0600231,0.0661152,0.0721731,0.0781905,0.0841573,0.0900643,0.0959013,0.101656,0.107317,0.11287,0.118301,0.123594,0.128732,0.133698,0.138472,0.143035,0.147366,0.151445,0.155247,0.158751,0.161934,0.164773,0.167247,0.169333,0.171011,0.172263,0.17307,0.17342,0.173299,0.172698,0.171611,0.170036,0.167973,0.165429,0.16241,0.158931,0.154984,0.154984
-0.169966,-0.169966,-0.173638,-0.176859,-0.179643,-0.181985,-0.183886,-0.185349,-0.186381,-0.186991,-0.187191,-0.186994,-0.186415,-0.185469,-0.184173,-0.182544,-0.180597,-0.17835,-0.175819,-0.173021,-0.16997,-0.166682,-0.163171,-0.159451,-0.155533,-0.151433,-0.147159,-0.142725,-0.13814,-0.133414,-0.128557,-0.123577,-0.118484,-0.113285,-0.107988,-0.102599,-0.0971264,-0.091575,-0.0859511,-0.08026,-0.0745067,-0.0686958,-0.0628314,-0.0569173,-0.0509573,-0.0449542,-0.0389113,-0.0328311,-0.0267162,-0.0205695,-0.0143928,-0.00818931,-0.00196051,0.00428953,0.0105602,0.0168465,0.0231455,0.0294563,0.0357709,0.0420871,0.0484026,0.0547067,0.0609987,0.0672693,0.0735126,0.0797202,0.0858838,0.0919938,0.0980394,0.10401,0.109891,0.115671,0.121334,0.126864,0.132244,0.137453,0.142474,0.147284,0.151862,0.156183,0.160225,0.16396,0.167366,0.170415,0.173084,0.175347,0.177182,0.178567,0.179482,0.179908,0.179832,0.179242,0.178129,0.17649,0.174325,0.171636,0.168433,0.164728,0.160515,0.160515
-0.175742,-0.175742,-0.179642,-0.183056,-0.185998,-0.188465,-0.190458,-0.191982,-0.193046,-0.193661,-0.193842,-0.193603,-0.192962,-0.191936,-0.190544,-0.188804,-0.186735,-0.184356,-0.181684,-0.178738,-0.175533,-0.172087,-0.168414,-0.164529,-0.160446,-0.156178,-0.151737,-0.147135,-0.142383,-0.13749,-0.132468,-0.127325,-0.12207,-0.11671,-0.111254,-0.105709,-0.10008,-0.0943758,-0.0886004,-0.0827595,-0.0768581,-0.0709004,-0.0648908,-0.0588326,-0.0527294,-0.046584,-0.0403993,-0.0341776,-0.0279217,-0.021633,-0.0153146,-0.0089675,-0.00259522,0.00380174,0.0102189,0.016656,0.0231084,0.0295739,0.0360489,0.04253,0.0490113,0.0554904,0.06196,0.068415,0.0748484,0.0812528,0.0876198,0.09394,0.100203,0.106398,0.112511,0.11853,0.124438,0.130219,0.135855,0.141326,0.146611,0.151688,0.156532,0.161118,0.16542,0.169411,0.173062,0.176346,0.179234,0.181698,0.183713,0.185252,0.186293,0.186815,0.186799,0.186232,0.185102,0.183404,0.181135,0.178299,0.174903,0.170959,0.16646,0.16646
-0.181915,-0.181915,-0.186058,-0.189675,-0.192781,-0.195375,-0.19746,-0.199042,-0.200132,-0.200745,-0.200895,-0.200603,-0.199885,-0.198765,-0.197261,-0.195395,-0.193189,-0.190661,-0.187833,-0.184723,-0.18135,-0.17773,-0.173881,-0.169818,-0.165556,-0.161108,-0.156488,-0.151707,-0.146777,-0.141708,-0.136511,-0.131196,-0.12577,-0.120242,-0.11462,-0.108911,-0.103122,-0.0972585,-0.0913264,-0.0853312,-0.0792773,-0.0731692,-0.0670107,-0.0608053,-0.054556,-0.0482659,-0.041937,-0.0355721,-0.0291725,-0.022741,-0.0162783,-0.0097874,-0.00326863,0.00327461,0.00984207,0.0164299,0.0230374,0.0296605,0.0362976,0.0429441,0.0495972,0.0562519,0.0629039,0.0695472,0.0761757,0.0827823,0.089359,0.0958968,0.102386,0.108814,0.11517,0.121439,0.127605,0.133652,0.13956,0.14531,0.150878,0.156242,0.161374,0.166249,0.170836,0.175107,0.179031,0.182575,0.18571,0.188402,0.190622,0.192341,0.193531,0.194169,0.194232,0.193702,0.192567,0.190817,0.188448,0.185461,0.181864,0.177667,0.172862,0.172862
-0.188521,-0.188521,-0.192923,-0.196753,-0.20003,-0.202754,-0.204928,-0.206563,-0.207671,-0.20827,-0.208378,-0.208016,-0.207208,-0.205975,-0.204343,-0.202333,-0.199971,-0.197277,-0.194274,-0.190983,-0.187424,-0.183615,-0.179574,-0.175318,-0.170862,-0.166221,-0.161408,-0.156437,-0.151317,-0.146062,-0.140681,-0.135184,-0.129579,-0.123875,-0.11808,-0.112201,-0.106244,-0.100216,-0.0941229,-0.0879687,-0.0817584,-0.0754962,-0.0691856,-0.0628302,-0.0564325,-0.0499952,-0.0435206,-0.0370102,-0.0304664,-0.0238898,-0.0172828,-0.0106458,-0.0039811,0.00271101,0.00942786,0.0161691,0.0229316,0.0297145,0.0365142,0.0433291,0.0501549,0.0569887,0.0638256,0.070661,0.0774889,0.0843029,0.0910952,0.0978577,0.10458,0.111252,0.11786,0.124391,0.130829,0.137156,0.143354,0.1494,0.155272,0.160943,0.166388,0.171575,0.176475,0.181054,0.185279,0.189114,0.192524,0.195475,0.19793,0.199857,0.201224,0.202001,0.202165,0.201691,0.200565,0.198772,0.196307,0.193169,0.189364,0.184902,0.179771,0.179771
-0.195603,-0.195603,-0.200278,-0.204332,-0.207786,-0.210639,-0.2129,-0.21458,-0.215696,-0.216268,-0.216317,-0.21587,-0.214951,-0.213587,-0.211806,-0.209632,-0.207093,-0.204212,-0.201015,-0.197524,-0.19376,-0.189743,-0.185494,-0.181028,-0.176363,-0.171514,-0.166495,-0.161319,-0.155999,-0.150545,-0.14497,-0.139281,-0.133488,-0.127601,-0.121625,-0.115569,-0.10944,-0.103242,-0.0969821,-0.0906646,-0.0842942,-0.0778744,-0.0714092,-0.0649009,-0.0583528,-0.0517668,-0.0451445,-0.0384881,-0.0317983,-0.0250768,-0.0183239,-0.0115414,-0.00472921,0.00211086,0.00897873,0.0158724,0.0227916,0.0297338,0.0366981,0.0436817,0.0506824,0.0576967,0.0647213,0.0717516,0.0787827,0.0858084,0.0928222,0.0998153,0.106779,0.113703,0.120574,0.127379,0.134101,0.140724,0.147228,0.153589,0.159785,0.165788,0.171569,0.177097,0.182337,0.187255,0.191813,0.195971,0.199691,0.202933,0.205657,0.207825,0.209399,0.210347,0.210636,0.210241,0.209141,0.207319,0.204765,0.201477,0.197458,0.192718,0.187242,0.187242
-0.203207,-0.203207,-0.208172,-0.212459,-0.216093,-0.219076,-0.221417,-0.223134,-0.224244,-0.224772,-0.224745,-0.224191,-0.22314,-0.221622,-0.219667,-0.217306,-0.214566,-0.211476,-0.208062,-0.204348,-0.200359,-0.196115,-0.191637,-0.186944,-0.182053,-0.17698,-0.17174,-0.166347,-0.160813,-0.15515,-0.149368,-0.143479,-0.137489,-0.131409,-0.125246,-0.119007,-0.112698,-0.106326,-0.0998948,-0.0934101,-0.0868758,-0.0802959,-0.0736729,-0.0670105,-0.0603099,-0.0535737,-0.0468033,-0.0399995,-0.033164,-0.0262966,-0.0193986,-0.0124698,-0.00551127,0.00147739,0.00849508,0.015542,0.0226167,0.0297191,0.0368475,0.0440007,0.0511765,0.058373,0.0655868,0.0728146,0.0800517,0.0872933,0.0945327,0.101763,0.108975,0.116159,0.123302,0.130393,0.137413,0.144348,0.151174,0.157871,0.164412,0.170771,0.176915,0.182811,0.188423,0.193712,0.198638,0.203156,0.207224,0.210795,0.213826,0.216272,0.218089,0.21924,0.219686,0.219397,0.218345,0.21651,0.213878,0.210443,0.206207,0.201177,0.195338,0.195338
-0.211388,-0.211388,-0.216657,-0.221186,-0.225003,-0.228112,-0.230527,-0.232266,-0.233354,-0.233819,-0.233693,-0.233008,-0.231798,-0.230099,-0.227945,-0.225369,-0.222402,-0.219076,-0.215419,-0.211459,-0.207221,-0.202727,-0.198001,-0.19306,-0.187925,-0.182612,-0.177135,-0.17151,-0.165749,-0.159864,-0.153866,-0.147765,-0.14157,-0.13529,-0.128931,-0.122502,-0.116009,-0.109456,-0.10285,-0.0961944,-0.0894935,-0.0827503,-0.0759685,-0.0691492,-0.0622957,-0.0554085,-0.0484892,-0.0415386,-0.0345567,-0.0275445,-0.0205013,-0.0134277,-0.0063229,0.000812761,0.00798002,0.0151785,0.0224086,0.0296699,0.0369622,0.0442844,0.0516359,0.0590146,0.0664188,0.0738453,0.0812911,0.0887512,0.0962209,0.103693,0.11116,0.118611,0.126037,0.133424,0.140756,0.148016,0.155184,0.162235,0.169145,0.175884,0.182419,0.188714,0.194731,0.200428,0.205759,0.210677,0.215134,0.219078,0.222458,0.225224,0.227328,0.22872,0.22936,0.229208,0.228232,0.226404,0.223709,0.220134,0.215678,0.210349,0.204127,0.204127
-0.220203,-0.220203,-0.225792,-0.230571,-0.234572,-0.237802,-0.240279,-0.242025,-0.24307,-0.243448,-0.243195,-0.24235,-0.240952,-0.239041,-0.236656,-0.233834,-0.230609,-0.227018,-0.223091,-0.218857,-0.214344,-0.209576,-0.204578,-0.19937,-0.193971,-0.188398,-0.182669,-0.176796,-0.170794,-0.164674,-0.158448,-0.152126,-0.145716,-0.139227,-0.132667,-0.126041,-0.119358,-0.112621,-0.105835,-0.0990055,-0.0921351,-0.0852274,-0.078284,-0.0713082,-0.0643002,-0.0572622,-0.0501943,-0.0430967,-0.03597,-0.0288133,-0.0216268,-0.0144092,-0.00716019,0.000121393,0.00743603,0.0147849,0.0221684,0.0295875,0.037042,0.0445326,0.0520585,0.0596194,0.0672138,0.0748402,0.0824956,0.0901771,0.0978796,0.105598,0.113325,0.121052,0.128769,0.136463,0.144119,0.15172,0.159246,0.166673,0.173974,0.181119,0.188075,0.194802,0.20126,0.207402,0.21318,0.218543,0.223434,0.227798,0.231577,0.234713,0.237148,0.238829,0.239704,0.239728,0.23886,0.237067,0.234326,0.230622,0.225949,0.220312,0.213688,0.213688
-0.229718,-0.229718,-0.235642,-0.240679,-0.244863,-0.248206,-0.25073,-0.252462,-0.253439,-0.2537,-0.253288,-0.252249,-0.250628,-0.248469,-0.245816,-0.242712,-0.239196,-0.235306,-0.231076,-0.226538,-0.221722,-0.216655,-0.21136,-0.205861,-0.200177,-0.194326,-0.188325,-0.18219,-0.175932,-0.169565,-0.163099,-0.156545,-0.149911,-0.143205,-0.136436,-0.129609,-0.12273,-0.115804,-0.108836,-0.101829,-0.0947876,-0.0877131,-0.0806086,-0.0734745,-0.0663131,-0.0591243,-0.0519084,-0.0446657,-0.037395,-0.0300961,-0.0227676,-0.0154085,-0.00801721,-0.000592442,0.00686758,0.0143641,0.021899,0.0294732,0.0370882,0.0447448,0.0524439,0.0601855,0.0679697,0.0757954,0.0836613,0.0915652,0.0995034,0.107471,0.115464,0.123473,0.131489,0.1395,0.147492,0.155449,0.163351,0.171173,0.17889,0.186468,0.193875,0.201068,0.208004,0.214634,0.220905,0.226759,0.232137,0.236973,0.241205,0.244764,0.247588,0.249609,0.25077,0.251015,0.250295,0.24857,0.245809,0.24199,0.237104,0.231153,0.22411,0.22411
-0.240007,-0.240007,-0.246283,-0.251583,-0.255947,-0.259391,-0.261941,-0.263634,-0.264511,-0.26462,-0.264011,-0.262737,-0.26085,-0.258402,-0.25544,-0.252014,-0.248167,-0.243941,-0.239372,-0.234497,-0.229347,-0.22395,-0.218333,-0.212518,-0.206526,-0.200377,-0.194087,-0.187671,-0.181143,-0.174515,-0.167798,-0.161002,-0.154135,-0.147205,-0.14022,-0.133186,-0.126107,-0.118989,-0.111835,-0.10465,-0.0974354,-0.090194,-0.082927,-0.0756361,-0.0683213,-0.0609832,-0.0536212,-0.0462347,-0.0388227,-0.0313837,-0.0239162,-0.0164183,-0.00888786,-0.00132276,0.00627921,0.0139205,0.0216032,0.0293298,0.037102,0.0449223,0.0527917,0.0607122,0.0686841,0.0767083,0.0847842,0.0929105,0.101086,0.109307,0.117568,0.125864,0.134186,0.142524,0.150864,0.159192,0.167486,0.175725,0.18388,0.19192,0.199809,0.207504,0.214959,0.222121,0.228933,0.235332,0.241251,0.246621,0.251366,0.255412,0.258685,0.261109,0.262613,0.263134,0.26261,0.260992,0.258241,0.254328,0.249239,0.24297,0.235491,0.235491
-0.251154,-0.251154,-0.257797,-0.263364,-0.267901,-0.27143,-0.273983,-0.275603,-0.276342,-0.276256,-0.275405,-0.273848,-0.271647,-0.268859,-0.265542,-0.261747,-0.257524,-0.252919,-0.247974,-0.242724,-0.237206,-0.231448,-0.225478,-0.219321,-0.212999,-0.20653,-0.199931,-0.193218,-0.186405,-0.179503,-0.172523,-0.165474,-0.158366,-0.151205,-0.143998,-0.136751,-0.129469,-0.122156,-0.114815,-0.10745,-0.100061,-0.092653,-0.0852248,-0.0777776,-0.0703115,-0.0628259,-0.0553201,-0.0477928,-0.0402423,-0.0326666,-0.0250635,-0.0174304,-0.0097646,-0.00206318,0.00567692,0.0134587,0.0212855,0.0291603,0.0370862,0.0450661,0.0531028,0.0611987,0.0693561,0.0775763,0.0858605,0.0942094,0.102622,0.111096,0.119629,0.128216,0.136851,0.145524,0.154224,0.162935,0.171639,0.180314,0.188933,0.197463,0.205867,0.214101,0.222117,0.229859,0.237264,0.244265,0.250788,0.256755,0.262083,0.266687,0.27048,0.273376,0.275293,0.276152,0.275882,0.274421,0.27172,0.267741,0.262461,0.255875,0.247943,0.247943
-0.263253,-0.263253,-0.270279,-0.276116,-0.280816,-0.284407,-0.28693,-0.288438,-0.288992,-0.288659,-0.28751,-0.285614,-0.283041,-0.279859,-0.27613,-0.271914,-0.267266,-0.262235,-0.256868,-0.251203,-0.245279,-0.239126,-0.232774,-0.226247,-0.219569,-0.212757,-0.20583,-0.198803,-0.191689,-0.1845,-0.177246,-0.169936,-0.162578,-0.15518,-0.147746,-0.140283,-0.132794,-0.125283,-0.117754,-0.110208,-0.102647,-0.0950725,-0.0874847,-0.0798834,-0.0722683,-0.0646383,-0.056992,-0.0493274,-0.0416423,-0.033934,-0.0261995,-0.0184358,-0.0106392,-0.00280617,0.00506714,0.0129848,0.0209506,0.0289689,0.0370436,0.0451788,0.0533782,0.0616457,0.0699845,0.0783979,0.0868881,0.095457,0.104106,0.112834,0.121641,0.130523,0.139475,0.148491,0.157559,0.166667,0.175797,0.184928,0.194034,0.203082,0.212035,0.220847,0.229469,0.23784,0.245895,0.253559,0.260754,0.267391,0.273378,0.278619,0.283015,0.286465,0.288874,0.290147,0.290199,0.288955,0.286352,0.282341,0.276892,0.269992,0.261595,0.261595
-0.276415,-0.276415,-0.283839,-0.289943,-0.294791,-0.298415,-0.300868,-0.302213,-0.302525,-0.301883,-0.30037,-0.298068,-0.295058,-0.291415,-0.287212,-0.282515,-0.277384,-0.271876,-0.266037,-0.259914,-0.253543,-0.246959,-0.240191,-0.233265,-0.226204,-0.219027,-0.211752,-0.204394,-0.196965,-0.189476,-0.181937,-0.174357,-0.166743,-0.159101,-0.151436,-0.143754,-0.136056,-0.128348,-0.12063,-0.112904,-0.105172,-0.0974333,-0.0896882,-0.0819361,-0.0741755,-0.066405,-0.0586223,-0.050825,-0.0430101,-0.0351741,-0.0273136,-0.0194245,-0.0115027,-0.00354362,0.00445735,0.012505,0.0206043,0.0287604,0.0369783,0.0452631,0.0536201,0.062054,0.0705698,0.0791718,0.0878642,0.0966505,0.105534,0.114515,0.123596,0.132774,0.142048,0.151412,0.160858,0.170374,0.179945,0.189551,0.199167,0.208762,0.218298,0.227729,0.237002,0.246056,0.25482,0.263216,0.271155,0.278542,0.285274,0.291242,0.296332,0.300431,0.303423,0.305199,0.305656,0.304702,0.302257,0.29826,0.29267,0.285463,0.27659,0.27659
-0.290761,-0.290761,-0.298598,-0.304969,-0.309941,-0.31356,-0.315891,-0.317011,-0.317011,-0.315985,-0.314031,-0.311244,-0.307717,-0.303538,-0.298789,-0.293542,-0.287866,-0.281821,-0.275459,-0.268827,-0.261966,-0.254911,-0.247693,-0.240338,-0.232868,-0.225304,-0.217661,-0.209954,-0.202195,-0.194394,-0.186561,-0.178704,-0.170827,-0.162938,-0.155039,-0.147136,-0.13923,-0.131323,-0.123418,-0.115515,-0.107614,-0.0997143,-0.091816,-0.083917,-0.0760158,-0.0681097,-0.0601961,-0.0522715,-0.0443324,-0.0363748,-0.0283942,-0.0203861,-0.0123453,-0.00426667,0.00385541,0.0120266,0.0202527,0.0285401,0.0368946,0.0453228,0.0538309,0.0624253,0.0711122,0.0798977,0.0887874,0.097787,0.106901,0.116133,0.125487,0.134962,0.14456,0.154277,0.164107,0.174042,0.184068,0.194168,0.204317,0.214487,0.224639,0.234729,0.244702,0.254494,0.264031,0.27323,0.281994,0.290219,0.297791,0.304585,0.310477,0.315331,0.319015,0.321398,0.322358,0.321781,0.31957,0.315645,0.30995,0.302454,0.293093,0.293093
-0.306438,-0.306438,-0.314703,-0.321329,-0.326395,-0.329961,-0.332104,-0.332923,-0.332525,-0.331025,-0.328536,-0.325171,-0.321037,-0.316235,-0.310856,-0.304983,-0.298691,-0.292044,-0.2851,-0.277908,-0.27051,-0.262943,-0.255239,-0.247423,-0.239518,-0.231542,-0.223512,-0.21544,-0.207339,-0.199217,-0.191081,-0.18294,-0.174797,-0.166657,-0.158523,-0.150398,-0.142284,-0.134182,-0.126093,-0.118015,-0.109949,-0.101894,-0.0938474,-0.0858074,-0.0777711,-0.0697356,-0.0616972,-0.053652,-0.0455956,-0.0375231,-0.0294296,-0.0213094,-0.013157,-0.00496599,0.00326977,0.011557,0.0199027,0.0283137,0.0367977,0.0453618,0.054014,0.0627617,0.071613,0.0805754,0.0896567,0.098864,0.108204,0.117684,0.127307,0.137079,0.147002,0.157074,0.167295,0.177657,0.18815,0.19876,0.209464,0.220236,0.231039,0.241829,0.252551,0.263139,0.273516,0.283594,0.293269,0.302429,0.310945,0.318682,0.325492,0.331226,0.335726,0.338841,0.34042,0.340327,0.338441,0.334661,0.328912,0.32115,0.311298,0.311298
-0.323614,-0.323614,-0.332319,-0.339184,-0.344304,-0.347751,-0.349626,-0.350048,-0.349148,-0.347063,-0.343928,-0.339876,-0.335029,-0.329503,-0.323401,-0.316816,-0.309828,-0.302509,-0.294919,-0.28711,-0.279127,-0.271006,-0.262778,-0.25447,-0.246103,-0.237694,-0.229258,-0.220808,-0.212352,-0.203899,-0.195455,-0.187025,-0.178613,-0.170222,-0.161853,-0.15351,-0.14519,-0.136896,-0.128627,-0.12038,-0.112155,-0.10395,-0.0957616,-0.0875871,-0.079423,-0.0712652,-0.0631098,-0.0549514,-0.0467855,-0.038606,-0.0304075,-0.0221834,-0.0139273,-0.00563219,0.00270916,0.0111043,0.0195611,0.0280878,0.0366927,0.0453847,0.0541726,0.0630659,0.0720737,0.0812057,0.0904712,0.0998797,0.10944,0.119162,0.129052,0.139117,0.149363,0.159793,0.170407,0.181203,0.192175,0.203309,0.214589,0.225989,0.237476,0.249007,0.260527,0.271971,0.283259,0.294297,0.304977,0.315175,0.324752,0.333556,0.341423,0.348178,0.353641,0.35763,0.359968,0.360488,0.35904,0.355496,0.349759,0.341764,0.331422,0.331422
-0.342483,-0.342483,-0.35164,-0.358721,-0.363838,-0.367085,-0.368588,-0.368495,-0.366965,-0.364163,-0.36025,-0.355381,-0.349698,-0.343333,-0.336402,-0.329007,-0.321237,-0.313167,-0.304864,-0.296379,-0.287758,-0.279039,-0.270252,-0.26142,-0.252566,-0.243703,-0.234846,-0.226003,-0.217184,-0.208393,-0.199637,-0.190916,-0.182235,-0.173594,-0.164995,-0.156435,-0.147916,-0.139435,-0.130992,-0.122583,-0.114207,-0.105859,-0.0975371,-0.0892364,-0.0809527,-0.0726816,-0.0644172,-0.0561549,-0.0478879,-0.0396106,-0.0313158,-0.0229968,-0.014646,-0.00625571,0.00218219,0.0106761,0.0192351,0.0278682,0.0365852,0.0453959,0.0543108,0.0633405,0.0724962,0.081789,0.0912305,0.100832,0.110606,0.120563,0.130713,0.141068,0.151635,0.162421,0.173431,0.184666,0.196123,0.207796,0.219669,0.231722,0.243924,0.256236,0.268605,0.280965,0.293236,0.305321,0.317105,0.328456,0.339222,0.349235,0.35831,0.366249,0.372842,0.377877,0.381141,0.382431,0.38156,0.378367,0.372724,0.364544,0.353719,0.353719
-0.363278,-0.363278,-0.372894,-0.380155,-0.385195,-0.388136,-0.389136,-0.38838,-0.386064,-0.382386,-0.377537,-0.3717,-0.365039,-0.357703,-0.349823,-0.34151,-0.332862,-0.32396,-0.314869,-0.305647,-0.296337,-0.286975,-0.277591,-0.268208,-0.258842,-0.249507,-0.240214,-0.23097,-0.221781,-0.212649,-0.203578,-0.194569,-0.185622,-0.176735,-0.167909,-0.159141,-0.150428,-0.14177,-0.133161,-0.124599,-0.11608,-0.107599,-0.0991528,-0.0907357,-0.0823424,-0.0739672,-0.0656046,-0.0572474,-0.0488899,-0.040524,-0.0321431,-0.0237387,-0.0153031,-0.00682744,0.00169717,0.0102802,0.0189314,0.0276613,0.0364803,0.0454,0.0544319,0.0635883,0.072882,0.0823261,0.0919342,0.10172,0.111698,0.121882,0.132286,0.142924,0.153807,0.164946,0.176351,0.188027,0.199977,0.212197,0.224679,0.237407,0.250355,0.263487,0.276754,0.290092,0.303421,0.316642,0.329635,0.342261,0.354356,0.365735,0.376192,0.385501,0.393421,0.399702,0.40409,0.406339,0.406216,0.403517,0.398077,0.389776,0.378481,0.378481
-0.386273,-0.386273,-0.396352,-0.403742,-0.408606,-0.411102,-0.411435,-0.409833,-0.406538,-0.401791,-0.395819,-0.388836,-0.381032,-0.372576,-0.363612,-0.354264,-0.344635,-0.33481,-0.324858,-0.314834,-0.304782,-0.294735,-0.284721,-0.274757,-0.26486,-0.255038,-0.245299,-0.235647,-0.226085,-0.216613,-0.20723,-0.197936,-0.188728,-0.179603,-0.170559,-0.161591,-0.152695,-0.143868,-0.135105,-0.1264,-0.11775,-0.109148,-0.100589,-0.0920661,-0.0835744,-0.0751068,-0.0666561,-0.0582161,-0.0497779,-0.041335,-0.0328782,-0.0243995,-0.0158895,-0.00733904,0.00126183,0.00992335,0.0186565,0.0274723,0.036383,0.0454009,0.0545392,0.0638116,0.0732327,0.0828174,0.0925815,0.102541,0.112714,0.123115,0.133764,0.144676,0.155868,0.167356,0.179152,0.191269,0.203713,0.216489,0.229593,0.243015,0.256735,0.270724,0.284936,0.299312,0.313775,0.328224,0.342539,0.356572,0.370148,0.383067,0.395099,0.405991,0.415465,0.423228,0.428978,0.432415,0.433252,0.43123,0.426131,0.417796,0.406057,0.406057
-0.411799,-0.411799,-0.422339,-0.429783,-0.434338,-0.436211,-0.435665,-0.432988,-0.42848,-0.422431,-0.415114,-0.406778,-0.397642,-0.387896,-0.377699,-0.367187,-0.356466,-0.345626,-0.334735,-0.323846,-0.313001,-0.302229,-0.291552,-0.280986,-0.270541,-0.260221,-0.250031,-0.239969,-0.230035,-0.220227,-0.210539,-0.200968,-0.191509,-0.182157,-0.172906,-0.163751,-0.154685,-0.145703,-0.136798,-0.127964,-0.119195,-0.110485,-0.101825,-0.0932107,-0.084633,-0.076085,-0.0675595,-0.0590473,-0.0505417,-0.0420326,-0.0335121,-0.0249701,-0.0163973,-0.00778321,0.000882617,0.00961155,0.0184151,0.027306,0.0362969,0.0454018,0.0546349,0.0640119,0.0735487,0.0832623,0.0931708,0.103293,0.113648,0.124256,0.135138,0.146314,0.157807,0.169634,0.181816,0.19437,0.207309,0.220643,0.234377,0.248508,0.263024,0.277902,0.293105,0.308579,0.324251,0.340024,0.355775,0.371354,0.386577,0.401227,0.415052,0.427768,0.439059,0.448583,0.45598,0.460886,0.462945,0.461828,0.457251,0.448998,0.436855,0.436855
-0.440261,-0.440261,-0.451245,-0.458639,-0.462705,-0.463721,-0.462027,-0.457989,-0.451977,-0.444345,-0.43542,-0.425491,-0.414808,-0.403583,-0.391991,-0.380175,-0.368248,-0.356297,-0.344389,-0.332574,-0.320888,-0.309354,-0.29799,-0.286804,-0.2758,-0.264978,-0.254336,-0.243868,-0.23357,-0.223434,-0.213453,-0.203618,-0.193922,-0.184357,-0.174915,-0.165587,-0.156367,-0.147245,-0.138214,-0.129267,-0.120395,-0.111591,-0.102847,-0.0941533,-0.085504,-0.0768898,-0.0683018,-0.0597322,-0.0511705,-0.0426089,-0.0340363,-0.0254437,-0.0168199,-0.00815432,0.000564722,0.00934901,0.0182115,0.0271652,0.0362246,0.0454042,0.0547202,0.0641893,0.0738293,0.0836593,0.0936991,0.10397,0.114495,0.125296,0.136399,0.147828,0.159608,0.171765,0.184323,0.197306,0.210735,0.224627,0.238995,0.253846,0.269176,0.284972,0.301207,0.317834,0.334788,0.351979,0.369286,0.386557,0.403603,0.420193,0.436054,0.450869,0.464282,0.475893,0.48528,0.491998,0.495607,0.495686,0.491866,0.483851,0.471365,0.471365
-0.472156,-0.472156,-0.48355,-0.490742,-0.494075,-0.493927,-0.490738,-0.484979,-0.477109,-0.467559,-0.456715,-0.444914,-0.43244,-0.419528,-0.406364,-0.393099,-0.379845,-0.366688,-0.353689,-0.340891,-0.328322,-0.315999,-0.303928,-0.292112,-0.280546,-0.269224,-0.258137,-0.247275,-0.236625,-0.226177,-0.215919,-0.205838,-0.195924,-0.186165,-0.17655,-0.16707,-0.157713,-0.14847,-0.139332,-0.130289,-0.121331,-0.11245,-0.103636,-0.0948818,-0.0861759,-0.07751,-0.0688752,-0.0602608,-0.0516584,-0.0430564,-0.0344459,-0.025815,-0.0171532,-0.00844852,0.00031103,0.00913855,0.0180472,0.0270516,0.0361665,0.0454084,0.0547942,0.0643422,0.0740721,0.0840045,0.0941619,0.104568,0.115247,0.126228,0.137536,0.149202,0.161255,0.173728,0.186649,0.20005,0.213959,0.228403,0.243404,0.258979,0.275135,0.291872,0.309172,0.327002,0.345308,0.364009,0.382992,0.402107,0.421163,0.439919,0.458084,0.47531,0.491194,0.505281,0.517067,0.526018,0.531586,0.533236,0.530479,0.522916,0.51018,0.51018
-0.508109,-0.508109,-0.519844,-0.526613,-0.528881,-0.52716,-0.522034,-0.514101,-0.503937,-0.492063,-0.478938,-0.464949,-0.450413,-0.435585,-0.420663,-0.405797,-0.391099,-0.376644,-0.362486,-0.348657,-0.335173,-0.322039,-0.309253,-0.296806,-0.284685,-0.272874,-0.261357,-0.250118,-0.239137,-0.228399,-0.217886,-0.207583,-0.197473,-0.187544,-0.17778,-0.168169,-0.158699,-0.149357,-0.140132,-0.131012,-0.121989,-0.113049,-0.104186,-0.0953854,-0.0866402,-0.0779391,-0.069272,-0.0606292,-0.0519993,-0.0433725,-0.0347369,-0.0260819,-0.0173952,-0.00866474,0.000122588,0.00897997,0.0179221,0.0269638,0.0361214,0.0454119,0.0548539,0.0644669,0.074272,0.0842923,0.0945517,0.105077,0.115895,0.127037,0.138534,0.150419,0.162729,0.175498,0.188765,0.202568,0.216943,0.231927,0.247553,0.263848,0.280835,0.298525,0.316917,0.335993,0.355713,0.376011,0.396787,0.417899,0.439159,0.460324,0.481087,0.501073,0.519834,0.536849,0.55153,0.563232,0.571274,0.574975,0.573691,0.566872,0.554023,0.554023
-0.548908,-0.548908,-0.560861,-0.566888,-0.56763,-0.563794,-0.556154,-0.545481,-0.532489,-0.517812,-0.501984,-0.485447,-0.46855,-0.451564,-0.43469,-0.418075,-0.401818,-0.385984,-0.37061,-0.355712,-0.341293,-0.327343,-0.313844,-0.300778,-0.288118,-0.27584,-0.263919,-0.252329,-0.241046,-0.230046,-0.219308,-0.208811,-0.198535,-0.188463,-0.178577,-0.168863,-0.159303,-0.149886,-0.140598,-0.131426,-0.122357,-0.11338,-0.104485,-0.095659,-0.0868917,-0.0781725,-0.0694904,-0.0608341,-0.052193,-0.0435553,-0.0349099,-0.0262444,-0.0175469,-0.00880414,-2.95154e-06,0.00887121,0.0178329,0.0268985,0.0360847,0.0454099,0.0548935,0.0645565,0.0744218,0.0845135,0.0948586,0.105485,0.116424,0.127709,0.139374,0.151459,0.164002,0.177048,0.190639,0.204822,0.219642,0.235147,0.25138,0.268385,0.286196,0.304842,0.324341,0.344693,0.365879,0.387852,0.41053,0.43379,0.457454,0.481283,0.504963,0.528097,0.550196,0.570672,0.588841,0.603931,0.615102,0.62148,0.622215,0.616547,0.603795,0.603795
-0.59557,-0.59557,-0.607526,-0.612338,-0.610914,-0.604236,-0.59334,-0.579214,-0.562747,-0.544696,-0.525682,-0.506198,-0.486619,-0.467222,-0.448205,-0.429697,-0.411781,-0.3945,-0.37787,-0.361885,-0.346527,-0.331769,-0.317578,-0.303916,-0.290749,-0.278037,-0.265747,-0.253843,-0.242294,-0.231069,-0.220142,-0.209486,-0.199078,-0.188896,-0.17892,-0.169131,-0.159512,-0.150047,-0.140721,-0.131519,-0.122429,-0.113437,-0.104532,-0.0956994,-0.0869297,-0.0782104,-0.0695301,-0.0608776,-0.0522407,-0.0436081,-0.0349674,-0.0263064,-0.0176122,-0.00887155,-7.01803e-05,0.00880631,0.0177739,0.0268489,0.0360494,0.0453943,0.0549042,0.0646016,0.0745103,0.0846564,0.0950688,0.105778,0.116817,0.128223,0.140035,0.152294,0.165047,0.178342,0.19223,0.206764,0.222002,0.238,0.254815,0.272505,0.291123,0.310715,0.331321,0.352965,0.375652,0.399363,0.424042,0.44959,0.475855,0.502609,0.529545,0.556253,0.582212,0.606769,0.62914,0.648406,0.663534,0.67341,0.676904,0.672963,0.660625,0.660625
-0.649421,-0.649421,-0.661011,-0.663907,-0.659418,-0.648923,-0.633807,-0.615338,-0.594611,-0.572522,-0.549777,-0.526913,-0.504316,-0.482258,-0.460915,-0.44039,-0.420735,-0.401963,-0.384058,-0.366989,-0.350712,-0.335175,-0.320327,-0.306113,-0.292482,-0.279384,-0.266771,-0.2546,-0.242831,-0.231427,-0.220353,-0.20958,-0.199078,-0.188824,-0.178792,-0.168963,-0.159315,-0.149832,-0.140496,-0.131292,-0.122205,-0.113221,-0.104327,-0.0955099,-0.0867571,-0.0780566,-0.0693965,-0.0607644,-0.0521485,-0.0435367,-0.0349163,-0.0262747,-0.0175987,-0.00887446,-8.76949e-05,0.00877704,0.0177356,0.0268054,0.0360049,0.0453539,0.0548742,0.0645888,0.0745227,0.0847062,0.0951642,0.105935,0.117052,0.128555,0.140488,0.152894,0.165828,0.17934,0.193491,0.208343,0.22396,0.240414,0.257775,0.276115,0.295506,0.316017,0.337712,0.360642,0.384845,0.410333,0.43709,0.465052,0.494099,0.524038,0.554581,0.585325,0.615726,0.64508,0.672502,0.696915,0.717057,0.731513,0.73878,0.737389,0.725961,0.725961
-0.712217,-0.712217,-0.722814,-0.722741,-0.713917,-0.69829,-0.677711,-0.653794,-0.62787,-0.60098,-0.573905,-0.547203,-0.521254,-0.496299,-0.472473,-0.449836,-0.428395,-0.408119,-0.388953,-0.370831,-0.353678,-0.337416,-0.321969,-0.307263,-0.29323,-0.279805,-0.26693,-0.25455,-0.242616,-0.231084,-0.219914,-0.20907,-0.19852,-0.188234,-0.178187,-0.168352,-0.158711,-0.149241,-0.139926,-0.130747,-0.121689,-0.112738,-0.103878,-0.0950975,-0.0863821,-0.0777198,-0.0690978,-0.0605039,-0.0519259,-0.0433509,-0.0347666,-0.0261597,-0.017517,-0.00882417,-6.66279e-05,0.00877113,0.0177058,0.026755,0.0359376,0.0452746,0.0547875,0.0645015,0.0744443,0.0846381,0.0951277,0.105934,0.117104,0.128678,0.140699,0.153226,0.1663,0.179995,0.194369,0.209494,0.225447,0.242308,0.260163,0.279102,0.299216,0.320599,0.343341,0.367527,0.393231,0.420509,0.449388,0.479856,0.511846,0.545213,0.579712,0.61497,0.650451,0.685416,0.718894,0.749645,0.776148,0.796616,0.809058,0.811417,0.801684,0.801684
-0.786321,-0.786321,-0.794857,-0.790217,-0.775258,-0.75273,-0.725088,-0.694366,-0.662148,-0.629604,-0.597561,-0.566564,-0.53695,-0.508897,-0.482475,-0.457677,-0.434447,-0.412696,-0.392322,-0.373214,-0.35526,-0.338352,-0.322387,-0.307271,-0.292914,-0.27924,-0.266173,-0.253652,-0.241618,-0.230019,-0.218809,-0.207947,-0.197397,-0.187126,-0.177103,-0.167304,-0.157704,-0.148282,-0.139018,-0.129893,-0.120892,-0.111998,-0.103197,-0.0944741,-0.0858172,-0.0772125,-0.0686473,-0.0601094,-0.0515859,-0.0430645,-0.0345319,-0.0259754,-0.0173811,-0.00873488,-2.18268e-05,0.00877377,0.0176689,0.0266813,0.0358309,0.0451379,0.0546266,0.0643208,0.0742462,0.0844423,0.0949249,0.105749,0.116943,0.128556,0.140639,0.153237,0.166425,0.180253,0.194803,0.21015,0.226381,0.243589,0.261873,0.281342,0.302108,0.32429,0.34801,0.373389,0.400544,0.429581,0.460584,0.493608,0.528653,0.565653,0.604434,0.644688,0.685922,0.727405,0.768108,0.806644,0.841218,0.869602,0.889172,0.89705,0.890273,0.890273
-0.874949,-0.874949,-0.879604,-0.867961,-0.844307,-0.812502,-0.775768,-0.736605,-0.696838,-0.657721,-0.620065,-0.584349,-0.550811,-0.519527,-0.490463,-0.463519,-0.438555,-0.415413,-0.39393,-0.373943,-0.355299,-0.337855,-0.32148,-0.306054,-0.291472,-0.277637,-0.264466,-0.251882,-0.23982,-0.228222,-0.217034,-0.206211,-0.195714,-0.185505,-0.175553,-0.16583,-0.156309,-0.146969,-0.137788,-0.128747,-0.119829,-0.111019,-0.102299,-0.0936575,-0.0850791,-0.0765518,-0.0680621,-0.0595976,-0.0511459,-0.042694,-0.0342293,-0.0257385,-0.0172082,-0.00862387,2.91403e-05,0.00876709,0.0176063,0.0265659,0.0356644,0.0449247,0.0543682,0.0640224,0.073916,0.0840733,0.0945422,0.105346,0.116536,0.128155,0.140255,0.152899,0.166138,0.180058,0.194727,0.210234,0.226675,0.244154,0.262786,0.282696,0.30402,0.326901,0.351496,0.377966,0.406475,0.437187,0.470258,0.50582,0.543969,0.584739,0.628071,0.673767,0.721432,0.770404,0.81966,0.867716,0.912513,0.951336,0.980772,0.996811,0.995052,0.995052
-0.982538,-0.982538,-0.98019,-0.957812,-0.921827,-0.877589,-0.829229,-0.779708,-0.731016,-0.684393,-0.640533,-0.599758,-0.562137,-0.527586,-0.495928,-0.466938,-0.440374,-0.415989,-0.39355,-0.372838,-0.353653,-0.335815,-0.319161,-0.303551,-0.288856,-0.274968,-0.261787,-0.24923,-0.237222,-0.225696,-0.214598,-0.203875,-0.193486,-0.18339,-0.173555,-0.163949,-0.154547,-0.145324,-0.136259,-0.127331,-0.118525,-0.109822,-0.101208,-0.0926684,-0.08419,-0.0757588,-0.0673629,-0.0589893,-0.0506258,-0.0422598,-0.0338786,-0.0254693,-0.0170181,-0.00851135,6.64684e-05,0.00873027,0.017498,0.0263867,0.0354175,0.0446103,0.0539907,0.0635824,0.0734151,0.0835226,0.0939338,0.104695,0.115845,0.127433,0.139514,0.152145,0.165398,0.179344,0.194068,0.209664,0.226234,0.243896,0.262776,0.283017,0.304776,0.328226,0.353554,0.380965,0.410676,0.442916,0.477919,0.515916,0.557117,0.601694,0.649742,0.701236,0.755956,0.813403,0.872662,0.932255,0.989943,1.04253,1.08567,1.11385,1.12053,1.12053
-1.11524,-1.11524,-1.10052,-1.06168,-1.00824,-0.947454,-0.884395,-0.822368,-0.763344,-0.70836,-0.657841,-0.611823,-0.570116,-0.532406,-0.498329,-0.467502,-0.439558,-0.414153,-0.390975,-0.369741,-0.350204,-0.332145,-0.315374,-0.299722,-0.285047,-0.271222,-0.25814,-0.245705,-0.233836,-0.222463,-0.211524,-0.200966,-0.190741,-0.180812,-0.171139,-0.161694,-0.152448,-0.143377,-0.134459,-0.125675,-0.117005,-0.108436,-0.0999497,-0.0915341,-0.0831743,-0.0748586,-0.0665737,-0.058308,-0.050049,-0.0417845,-0.0335023,-0.0251895,-0.0168331,-0.00841865,6.73523e-05,0.00864185,0.0173203,0.0261218,0.0350648,0.0441724,0.0534662,0.0629741,0.0727232,0.082746,0.093079,0.103759,0.114834,0.126349,0.138364,0.150937,0.16414,0.17805,0.192756,0.208357,0.224964,0.242702,0.261711,0.28215,0.304196,0.328046,0.353924,0.382074,0.41277,0.44631,0.483016,0.523228,0.567297,0.615563,0.66833,0.725812,0.788068,0.854886,0.92563,0.999014,1.0728,1.14344,1.20564,1.25198,1.27286,1.27286
-1.28158,-1.28158,-1.24525,-1.18119,-1.10321,-1.02065,-0.93935,-0.862587,-0.791953,-0.727987,-0.670612,-0.619419,-0.573845,-0.533278,-0.497112,-0.464786,-0.435788,-0.409668,-0.386029,-0.364528,-0.344868,-0.326794,-0.310086,-0.294558,-0.280047,-0.266416,-0.253546,-0.241336,-0.229698,-0.218558,-0.207851,-0.197521,-0.187521,-0.177806,-0.168345,-0.1591,-0.150049,-0.141164,-0.132425,-0.123811,-0.115305,-0.106891,-0.0985555,-0.090283,-0.0820616,-0.0738783,-0.0657217,-0.0575796,-0.0494407,-0.0412929,-0.0331246,-0.0249233,-0.0166761,-0.00837019,9.62664e-06,0.00847747,0.0170506,0.025746,0.0345836,0.0435837,0.0527708,0.0621692,0.0718086,0.08172,0.0919392,0.102506,0.113464,0.124864,0.13676,0.149219,0.162309,0.176112,0.190718,0.206231,0.222768,0.240462,0.259462,0.279942,0.302094,0.326142,0.352338,0.380969,0.41236,0.446882,0.484946,0.527015,0.573594,0.625226,0.682469,0.74586,0.81585,0.892691,0.976256,1.06576,1.15933,1.25343,1.34202,1.41561,1.46044,1.46044
-1.49316,-1.49316,-1.41933,-1.31689,-1.20482,-1.09424,-0.990954,-0.897458,-0.814354,-0.741237,-0.677233,-0.621296,-0.572374,-0.529485,-0.49175,-0.458404,-0.42879,-0.402342,-0.378588,-0.357122,-0.337605,-0.319747,-0.303308,-0.28808,-0.27389,-0.260588,-0.248052,-0.236172,-0.224858,-0.214033,-0.20363,-0.193593,-0.183871,-0.174426,-0.165217,-0.156217,-0.147394,-0.138728,-0.130195,-0.121779,-0.11346,-0.105225,-0.0970583,-0.0889482,-0.080882,-0.0728481,-0.064835,-0.0568319,-0.0488275,-0.040811,-0.0327707,-0.0246952,-0.0165723,-0.00838885,-0.00013157,0.00821429,0.0166644,0.0252361,0.0339482,0.0428209,0.0518771,0.0611421,0.0706437,0.0804133,0.0904855,0.1009,0.1117,0.122935,0.134663,0.146944,0.159853,0.173469,0.187886,0.203208,0.219558,0.237071,0.255907,0.276246,0.298298,0.322303,0.34854,0.377331,0.409052,0.444136,0.483088,0.526489,0.57501,0.629415,0.69056,0.759379,0.83684,0.923859,1.02113,1.12882,1.24604,1.37003,1.49479,1.60914,1.69446,1.69446
-1.76504,-1.76504,-1.62669,-1.46661,-1.30836,-1.16297,-1.0344,-0.922974,-0.827383,-0.745701,-0.675911,-0.616145,-0.564761,-0.520362,-0.481782,-0.448048,-0.41836,-0.392056,-0.368587,-0.347502,-0.328422,-0.311036,-0.295083,-0.280344,-0.266636,-0.253806,-0.241724,-0.230281,-0.219383,-0.208954,-0.198926,-0.189243,-0.179857,-0.170725,-0.161814,-0.153092,-0.144533,-0.136114,-0.127816,-0.11962,-0.11151,-0.103473,-0.0954944,-0.0875636,-0.0796685,-0.0717987,-0.0639436,-0.0560931,-0.0482369,-0.0403647,-0.0324661,-0.0245299,-0.0165449,-0.00849881,-0.000379041,0.00782883,0.0161392,0.024569,0.0331357,0.0418596,0.050762,0.0598676,0.0692032,0.0787991,0.0886893,0.0989117,0.109509,0.120531,0.132031,0.144072,0.156725,0.17007,0.184201,0.199222,0.215255,0.23244,0.250938,0.270937,0.292653,0.31634,0.342297,0.370872,0.402479,0.437607,0.476837,0.520865,0.570517,0.626782,0.690831,0.764045,0.848018,0.944533,1.05546,1.18251,1.32674,1.48752,1.6607,1.83534,1.98905,1.98905
-2.11432,-2.11432,-1.86667,-1.6224,-1.40431,-1.21825,-1.06279,-0.933947,-0.827287,-0.73873,-0.664816,-0.60272,-0.550174,-0.50537,-0.466868,-0.433518,-0.404401,-0.378775,-0.356041,-0.33571,-0.317385,-0.300737,-0.285496,-0.271438,-0.258378,-0.246159,-0.234652,-0.223749,-0.213357,-0.203401,-0.193814,-0.184544,-0.175541,-0.16677,-0.158193,-0.149785,-0.141519,-0.133374,-0.125333,-0.117379,-0.109497,-0.101675,-0.0939007,-0.0861634,-0.0784536,-0.070761,-0.0630767,-0.0553911,-0.0476953,-0.0399799,-0.0322351,-0.0244512,-0.0166171,-0.00872238,-0.00075421,0.00729961,0.0154541,0.0237236,0.0321258,0.0406789,0.0494043,0.0583242,0.0674649,0.076855,0.0865268,0.096517,0.106866,0.117622,0.128836,0.140569,0.152889,0.165876,0.179618,0.19422,0.209801,0.226499,0.244474,0.263915,0.285039,0.308107,0.333424,0.361354,0.392334,0.426892,0.465663,0.509429,0.559147,0.616001,0.681458,0.757344,0.845926,0.949993,1.07292,1.21863,1.39132,1.59468,1.82988,2.0913,2.35922,2.35922
-2.55248,-2.55248,-2.12559,-1.76497,-1.47557,-1.24708,-1.06697,-0.924207,-0.810015,-0.717716,-0.642298,-0.580006,-0.528012,-0.484174,-0.446849,-0.414767,-0.386935,-0.362568,-0.341044,-0.32186,-0.304614,-0.288973,-0.274671,-0.261483,-0.24923,-0.237757,-0.226941,-0.216675,-0.206872,-0.19746,-0.188377,-0.179571,-0.170999,-0.162625,-0.154418,-0.146352,-0.138405,-0.130558,-0.122794,-0.1151,-0.107461,-0.0998695,-0.0923123,-0.084782,-0.0772687,-0.069765,-0.0622621,-0.0547526,-0.0472279,-0.0396801,-0.0321006,-0.0244803,-0.01681,-0.00907884,-0.00127684,0.00660889,0.0145904,0.0226827,0.0309008,0.0392627,0.0477869,0.0564956,0.0654123,0.0745642,0.0839812,0.093698,0.103753,0.114189,0.125057,0.136414,0.148323,0.16086,0.174111,0.188173,0.20316,0.219207,0.236466,0.255121,0.275384,0.29751,0.321802,0.348622,0.378412,0.411707,0.449172,0.491628,0.540111,0.595934,0.66078,0.736839,0.826969,0.934948,1.06578,1.22607,1.42443,1.67159,1.97971,2.35911,2.81225,2.81225
-3.05781,-3.05781,-2.35754,-1.8546,-1.49436,-1.23172,-1.03612,-0.887321,-0.771828,-0.680544,-0.607206,-0.547417,-0.498023,-0.456718,-0.421782,-0.391914,-0.366114,-0.343604,-0.323769,-0.306123,-0.290272,-0.275903,-0.262754,-0.250619,-0.239322,-0.228723,-0.218702,-0.209164,-0.200026,-0.191222,-0.182695,-0.174401,-0.166299,-0.158356,-0.150548,-0.142849,-0.135243,-0.127711,-0.120242,-0.112821,-0.105441,-0.09809,-0.0907622,-0.0834479,-0.0761418,-0.0688358,-0.0615242,-0.0541996,-0.0468558,-0.0394854,-0.0320812,-0.0246355,-0.0171397,-0.00958519,-0.00196146,0.00574101,0.0135349,0.0214324,0.0294483,0.0375975,0.0458984,0.0543698,0.0630342,0.0719156,0.0810422,0.0904446,0.100159,0.110224,0.120686,0.131598,0.143018,0.155016,0.16767,0.18107,0.195324,0.210553,0.226903,0.244541,0.263669,0.284525,0.307394,0.332621,0.360626,0.391928,0.427169,0.467158,0.51293,0.565818,0.627583,0.700569,0.787978,0.894252,1.02569,1.1914,1.40479,1.6859,2.0647,2.58547,3.31831,3.31831
-3.50138,-3.50138,-2.4567,-1.82867,-1.42839,-1.15725,-0.964486,-0.822128,-0.713758,-0.629215,-0.561912,-0.507408,-0.462609,-0.425293,-0.393829,-0.366993,-0.343851,-0.32368,-0.305913,-0.290099,-0.275881,-0.262964,-0.25112,-0.240149,-0.229902,-0.220243,-0.211073,-0.2023,-0.193855,-0.185677,-0.177718,-0.169937,-0.162301,-0.154784,-0.147362,-0.140017,-0.132733,-0.125498,-0.1183,-0.111132,-0.103984,-0.0968505,-0.089724,-0.0826009,-0.0754738,-0.0683394,-0.061191,-0.0540247,-0.0468342,-0.0396142,-0.0323587,-0.0250609,-0.0177142,-0.0103099,-0.00284095,0.00470346,0.0123321,0.0200578,0.0278915,0.0358487,0.0439437,0.0521948,0.0606208,0.069244,0.0780887,0.0871829,0.0965578,0.106249,0.116298,0.12675,0.137659,0.149085,0.161099,0.173783,0.187231,0.201551,0.216875,0.233352,0.251162,0.270517,0.291674,0.314941,0.340695,0.369401,0.401638,0.438138,0.479842,0.527974,0.584162,0.650616,0.730411,0.827954,0.949766,1.10589,1.31251,1.59714,2.00956,2.64646,3.72423,3.72423
0,0,0,0,0,0,0,0,0,0,0,0,0,0,0,0,0,0,0,0,0,0,0,0,0,0,0,0,0,0,0,0,0,0,0,0,0,0,0,0,0,0,0,0,0,0,0,0,0,0,0,0,0,0,0,0,0,0,0,0,0,0,0,0,0,0,0,0,0,0,0,0,0,0,0,0,0,0,0,0,0,0,0,0,0,0,0,0,0,0,0,0,0,0,0,0,0,0,0,0
