0,0,0,0,0,0,0,0,0,0,0,0,0,0,0,0,0,0,0,0,0,0,0,0,0,0,0,0,0,0,0,0,0,0,0,0,0,0,0,0,0,0,0,0,0,0,0,0,0,0,0,0,0,0,0,0,0,0,0,0,0,0,0,0,0,0,0,0,0,0,0,0,0,0,0,0,0,0,0,0,0,0,0,0,0,0,0,0,0,0,0,0,0,0,0,0,0,0,0,0
0,1.19621e-11,3.30808e-11,7.36119e-11,1.29849e-10,1.96933e-10,2.69877e-10,3.44114e-10,4.15744e-10,4.81637e-10,5.39438e-10,5.87529e-10,6.24956e-10,6.5134e-10,6.66788e-10,6.71793e-10,6.6715e-10,6.53866e-10,6.33093e-10,6.06058e-10,5.74013e-10,5.38182e-10,4.99737e-10,4.59761e-10,4.1924e-10,3.7904e-10,3.39911e-10,3.02479e-10,2.67255e-10,2.34636e-10,2.04916e-10,1.78295e-10,1.54891e-10,1.34744e-10,1.17839e-10,1.041e-10,9.34164e-11,8.56362e-11,8.0586e-11,7.80655e-11,7.78645e-11,7.9755e-11,8.35056e-11,8.88723e-11,9.561e-11,1.03463e-10,1.12173e-10,1.2147e-10,1.31078e-10,1.40706e-10,1.50053e-10,1.588e-10,1.66609e-10,1.73125e-10,1.7797e-10,1.80745e-10,1.81027e-10,1.78378e-10,1.72334e-10,1.62423e-10,1.48158e-10,1.29056e-10,1.04634e-10,7.44352e-11,3.80268e-11,-4.96736e-12,-5.48632e-11,-1.11882e-10,-1.76139e-10,-2.47608e-10,-3.26104e-10,-4.11249e-10,-5.02454e-10,-5.98883e-10,-6.99444e-10,-8.02761e-10,-9.07173e-10,-1.01072e-09,-1.11117e-09,-1.20602e-09,-1.29255e-09,-1.36787e-09,-1.42902e-09,-1.47301e-09,-1.49703e-09,-1.49852e-09,-1.47539e-09,-1.42621e-09,-1.35041e-09,-1.24854e-09,-1.12249e-09,-9.75722e-10,-8.13486e-10,-6.4295e-10,-4.7323e-10,-3.15219e-10,-1.81038e-10,-8.28286e-11,-3.03588e-11,0
0,3.13176e-11,7.90586e-11,1.5761e-10,2.60861e-10,3.81129e-10,5.10434e-10,6.41304e-10,7.67241e-10,8.82937e-10,9.84347e-10,1.06865e-09,1.13415e-09,1.18016e-09,1.20682e-09,1.21498e-09,1.206e-09,1.18165e-09,1.14395e-09,1.09507e-09,1.03721e-09,9.72573e-10,9.03229e-10,8.31126e-10,7.58023e-10,6.85486e-10,6.14858e-10,5.47281e-10,4.83673e-10,4.24764e-10,3.71086e-10,3.23015e-10,2.80761e-10,2.44418e-10,2.13948e-10,1.89238e-10,1.70076e-10,1.56206e-10,1.47303e-10,1.4302e-10,1.42964e-10,1.46735e-10,1.53899e-10,1.64027e-10,1.76659e-10,1.9134e-10,2.07587e-10,2.24917e-10,2.42818e-10,2.60763e-10,2.78197e-10,2.94537e-10,3.0917e-10,3.21442e-10,3.30669e-10,3.36118e-10,3.37029e-10,3.32592e-10,3.21979e-10,3.04323e-10,2.78756e-10,2.4439e-10,2.00373e-10,1.45865e-10,8.01093e-11,2.41813e-12,-8.77529e-11,-1.90806e-10,-3.06922e-10,-4.3605e-10,-5.77832e-10,-7.3158e-10,-8.96206e-10,-1.0702e-09,-1.25159e-09,-1.43788e-09,-1.62609e-09,-1.81271e-09,-1.99374e-09,-2.16471e-09,-2.32078e-09,-2.45684e-09,-2.56761e-09,-2.64787e-09,-2.69266e-09,-2.69754e-09,-2.65889e-09,-2.57426e-09,-2.44275e-09,-2.26541e-09,-2.04558e-09,-1.78932e-09,-1.50562e-09,-1.20662e-09,-9.07489e-10,-6.25999e-10,-3.81542e-10,-1.93242e-10,-7.70577e-11,0
0,5.15221e-11,1.2552e-10,2.39311e-10,3.83586e-10,5.48191e-10,7.22931e-10,8.9834e-10,1.06616e-09,1.21963e-09,1.35358e-09,1.46438e-09,1.54988e-09,1.60923e-09,1.64267e-09,1.65134e-09,1.63711e-09,1.60233e-09,1.54974e-09,1.48223e-09,1.40279e-09,1.31435e-09,1.2197e-09,1.12147e-09,1.02201e-09,9.23436e-10,8.27562e-10,7.3591e-10,6.49735e-10,5.70001e-10,4.97445e-10,4.32552e-10,3.75627e-10,3.26769e-10,2.85953e-10,2.52997e-10,2.27639e-10,2.09503e-10,1.98173e-10,1.9315e-10,1.93927e-10,1.99932e-10,2.10601e-10,2.25322e-10,2.43495e-10,2.64476e-10,2.87628e-10,3.12275e-10,3.37731e-10,3.63271e-10,3.8814e-10,4.11546e-10,4.32646e-10,4.50559e-10,4.6434e-10,4.73006e-10,4.75502e-10,4.70748e-10,4.57593e-10,4.34881e-10,4.01405e-10,3.55987e-10,2.97434e-10,2.24636e-10,1.36533e-10,3.22161e-11,-8.90862e-11,-2.27897e-10,-3.84496e-10,-5.58798e-10,-7.50354e-10,-9.58224e-10,-1.18097e-09,-1.41656e-09,-1.66235e-09,-1.915e-09,-2.17052e-09,-2.42418e-09,-2.67063e-09,-2.90389e-09,-3.11748e-09,-3.30454e-09,-3.45802e-09,-3.57093e-09,-3.63664e-09,-3.64916e-09,-3.60366e-09,-3.49681e-09,-3.32732e-09,-3.0964e-09,-2.8083e-09,-2.47071e-09,-2.09507e-09,-1.69679e-09,-1.29505e-09,-9.12285e-10,-5.73129e-10,-3.02732e-10,-1.24832e-10,0
0,7.02284e-11,1.68277e-10,3.14131e-10,4.94775e-10,6.97421e-10,9.09883e-10,1.12109e-09,1.32154e-09,1.50348e-09,1.66104e-09,1.7902e-09,1.8886e-09,1.95542e-09,1.99109e-09,1.99713e-09,1.97586e-09,1.93019e-09,1.86342e-09,1.7791e-09,1.6808e-09,1.57207e-09,1.45625e-09,1.33648e-09,1.21559e-09,1.0961e-09,9.80148e-10,8.69573e-10,7.6583e-10,6.70086e-10,5.83174e-10,5.05689e-10,4.37944e-10,3.80076e-10,3.32003e-10,2.93528e-10,2.64285e-10,2.43849e-10,2.31673e-10,2.27187e-10,2.29734e-10,2.38661e-10,2.53247e-10,2.7279e-10,2.96531e-10,3.23725e-10,3.53578e-10,3.85298e-10,4.18043e-10,4.50951e-10,4.83111e-10,5.13565e-10,5.41307e-10,5.65262e-10,5.84308e-10,5.97235e-10,6.028e-10,5.99663e-10,5.86468e-10,5.61775e-10,5.24163e-10,4.72154e-10,4.04343e-10,3.1933e-10,2.15855e-10,9.27567e-11,-5.08862e-11,-2.15782e-10,-4.02272e-10,-6.10342e-10,-8.39468e-10,-1.08862e-09,-1.35609e-09,-1.63955e-09,-1.93586e-09,-2.2411e-09,-2.55052e-09,-2.85856e-09,-3.15882e-09,-3.4442e-09,-3.70693e-09,-3.93882e-09,-4.1314e-09,-4.27627e-09,-4.36535e-09,-4.39138e-09,-4.34835e-09,-4.232e-09,-4.04043e-09,-3.77463e-09,-3.43909e-09,-3.04228e-09,-2.59708e-09,-2.12092e-09,-1.6358e-09,-1.16774e-09,-7.46044e-10,-4.02051e-10,-1.68461e-10,0
0,8.69874e-11,2.06606e-10,3.814e-10,5.94442e-10,8.30169e-10,1.07437e-09,1.31456e-09,1.54022e-09,1.74299e-09,1.91663e-09,2.05699e-09,2.16181e-09,2.23047e-09,2.26378e-09,2.26368e-09,2.233e-09,2.17517e-09,2.09405e-09,1.99371e-09,1.87824e-09,1.75165e-09,1.61776e-09,1.48006e-09,1.34173e-09,1.20556e-09,1.07397e-09,9.48924e-10,8.32065e-10,7.2462e-10,6.2752e-10,5.41346e-10,4.66454e-10,4.02914e-10,3.50644e-10,3.09343e-10,2.78622e-10,2.57928e-10,2.46677e-10,2.44162e-10,2.49682e-10,2.62443e-10,2.8168e-10,3.0655e-10,3.36244e-10,3.69886e-10,4.06621e-10,4.45534e-10,4.85705e-10,5.26156e-10,5.65873e-10,6.03787e-10,6.38761e-10,6.69605e-10,6.95033e-10,7.13717e-10,7.24213e-10,7.25053e-10,7.14652e-10,6.91426e-10,6.53699e-10,5.9984e-10,5.28175e-10,4.37144e-10,3.25222e-10,1.91098e-10,3.36082e-11,-1.48071e-10,-3.54466e-10,-5.85616e-10,-8.4109e-10,-1.1198e-09,-1.42002e-09,-1.73919e-09,-2.07396e-09,-2.42003e-09,-2.77222e-09,-3.12432e-09,-3.46928e-09,-3.79913e-09,-4.1052e-09,-4.37821e-09,-4.6086e-09,-4.78671e-09,-4.90326e-09,-4.94974e-09,-4.91895e-09,-4.80554e-09,-4.60668e-09,-4.32269e-09,-3.95769e-09,-3.52021e-09,-3.02368e-09,-2.48678e-09,-1.93351e-09,-1.39305e-09,-8.99232e-10,-4.89932e-10,-2.0703e-10,0
0,1.0206e-10,2.41142e-10,4.42053e-10,6.83999e-10,9.48493e-10,1.2193e-09,1.48256e-09,1.72697e-09,1.94374e-09,2.12659e-09,2.27151e-09,2.37655e-09,2.44154e-09,2.46779e-09,2.45779e-09,2.41492e-09,2.34317e-09,2.24692e-09,2.13071e-09,1.99907e-09,1.85642e-09,1.70686e-09,1.5542e-09,1.40183e-09,1.25273e-09,1.1094e-09,9.73961e-10,8.48051e-10,7.32963e-10,6.29576e-10,5.38495e-10,4.59977e-10,3.94091e-10,3.4063e-10,2.9928e-10,2.69514e-10,2.50764e-10,2.42303e-10,2.43413e-10,2.53255e-10,2.71028e-10,2.95836e-10,3.26834e-10,3.63095e-10,4.03735e-10,4.47799e-10,4.9435e-10,5.42384e-10,5.9088e-10,6.38755e-10,6.84868e-10,7.28021e-10,7.66919e-10,8.00221e-10,8.26457e-10,8.44122e-10,8.51572e-10,8.47151e-10,8.29066e-10,7.95551e-10,7.44739e-10,6.74846e-10,5.84053e-10,4.70711e-10,3.33237e-10,1.70335e-10,-1.90818e-11,-2.35666e-10,-4.79687e-10,-7.50805e-10,-1.0481e-09,-1.36986e-09,-1.7136e-09,-2.07587e-09,-2.45229e-09,-2.83741e-09,-3.22477e-09,-3.60684e-09,-3.97514e-09,-4.32031e-09,-4.63232e-09,-4.90062e-09,-5.11457e-09,-5.26373e-09,-5.33836e-09,-5.32996e-09,-5.23192e-09,-5.04012e-09,-4.75374e-09,-4.37597e-09,-3.91469e-09,-3.38323e-09,-2.80078e-09,-2.1929e-09,-1.59154e-09,-1.03507e-09,-5.67951e-10,-2.4131e-10,0
0,1.15941e-10,2.72838e-10,4.9745e-10,7.6505e-10,1.05424e-09,1.34671e-09,1.62737e-09,1.88424e-09,2.10839e-09,2.29371e-09,2.4366e-09,2.53568e-09,2.5914e-09,2.60577e-09,2.58191e-09,2.52385e-09,2.43613e-09,2.32366e-09,2.1914e-09,2.04429e-09,1.887e-09,1.72391e-09,1.55896e-09,1.3957e-09,1.23713e-09,1.08583e-09,9.43855e-10,8.12868e-10,6.9405e-10,5.88263e-10,4.95969e-10,4.174e-10,3.52463e-10,3.00932e-10,2.62326e-10,2.36112e-10,2.21562e-10,2.17958e-10,2.24435e-10,2.40179e-10,2.64257e-10,2.95811e-10,3.33883e-10,3.77587e-10,4.25952e-10,4.78056e-10,5.32899e-10,5.89492e-10,6.46778e-10,7.03661e-10,7.58985e-10,8.11504e-10,8.59922e-10,9.02813e-10,9.38711e-10,9.65989e-10,9.83002e-10,9.87931e-10,9.78967e-10,9.54146e-10,9.11554e-10,8.49173e-10,7.65104e-10,6.57424e-10,5.24435e-10,3.64538e-10,1.76492e-10,-4.06737e-11,-2.87407e-10,-5.63685e-10,-8.68767e-10,-1.20123e-09,-1.55871e-09,-1.93799e-09,-2.33474e-09,-2.74359e-09,-3.15797e-09,-3.57025e-09,-3.97165e-09,-4.35243e-09,-4.70194e-09,-5.00899e-09,-5.26199e-09,-5.44945e-09,-5.56039e-09,-5.58494e-09,-5.51494e-09,-5.34469e-09,-5.07176e-09,-4.69783e-09,-4.22954e-09,-3.67937e-09,-3.06649e-09,-2.41737e-09,-1.76645e-09,-1.15639e-09,-6.38322e-10,-2.72341e-10,0
0,1.29041e-10,3.02562e-10,5.4866e-10,8.38703e-10,1.1483e-09,1.45722e-09,1.7492e-09,2.01189e-09,2.23643e-09,2.41716e-09,2.55116e-09,2.63785e-09,2.67855e-09,2.67604e-09,2.63427e-09,2.5579e-09,2.45212e-09,2.3223e-09,2.17383e-09,2.01191e-09,1.84146e-09,1.66696e-09,1.49246e-09,1.32146e-09,1.15699e-09,1.00149e-09,8.56974e-10,7.24914e-10,6.06424e-10,5.0216e-10,4.12514e-10,3.37507e-10,2.76999e-10,2.3056e-10,1.97691e-10,1.77673e-10,1.69793e-10,1.73169e-10,1.86978e-10,2.10267e-10,2.42173e-10,2.81723e-10,3.28043e-10,3.80163e-10,4.37198e-10,4.98175e-10,5.62168e-10,6.28172e-10,6.95181e-10,7.62113e-10,8.27828e-10,8.91123e-10,9.50678e-10,1.00513e-09,1.05293e-09,1.09254e-09,1.1222e-09,1.14013e-09,1.14439e-09,1.13304e-09,1.10397e-09,1.05513e-09,9.84397e-10,8.89761e-10,7.69223e-10,6.21043e-10,4.4362e-10,2.35772e-10,-3.36069e-12,-2.74027e-10,-5.75932e-10,-9.07956e-10,-1.2682e-09,-1.65373e-09,-2.06061e-09,-2.4837e-09,-2.91672e-09,-3.35209e-09,-3.78109e-09,-4.19378e-09,-4.57928e-09,-4.9258e-09,-5.22107e-09,-5.45261e-09,-5.60822e-09,-5.67653e-09,-5.64769e-09,-5.51408e-09,-5.27122e-09,-4.91873e-09,-4.46133e-09,-3.91002e-09,-3.28309e-09,-2.60739e-09,-1.91917e-09,-1.2651e-09,-7.02647e-10,-3.01076e-10,0
0,1.41672e-10,3.30784e-10,5.9615e-10,9.05015e-10,1.23013e-09,1.5494e-09,1.84576e-09,2.1067e-09,2.3238e-09,2.49218e-09,2.60988e-09,2.67737e-09,2.69698e-09,2.67252e-09,2.60873e-09,2.51108e-09,2.3853e-09,2.23727e-09,2.07268e-09,1.89698e-09,1.71517e-09,1.53179e-09,1.3508e-09,1.17564e-09,1.00913e-09,8.53596e-10,7.10776e-10,5.82003e-10,4.68106e-10,3.69609e-10,2.86629e-10,2.19092e-10,1.66606e-10,1.28692e-10,1.0463e-10,9.37056e-11,9.5015e-11,1.07728e-10,1.30867e-10,1.63569e-10,2.04849e-10,2.53854e-10,3.09623e-10,3.71322e-10,4.38015e-10,5.08863e-10,5.82935e-10,6.59341e-10,7.3711e-10,8.15243e-10,8.92675e-10,9.68243e-10,1.04073e-09,1.10877e-09,1.17096e-09,1.22567e-09,1.2713e-09,1.30597e-09,1.32784e-09,1.33482e-09,1.32487e-09,1.29576e-09,1.24533e-09,1.17132e-09,1.07163e-09,9.44173e-10,7.87145e-10,5.98915e-10,3.78321e-10,1.24571e-10,-1.62445e-10,-4.82227e-10,-8.33355e-10,-1.21355e-09,-1.61937e-09,-2.04629e-09,-2.48847e-09,-2.93882e-09,-3.38883e-09,-3.8288e-09,-4.24774e-09,-4.63367e-09,-4.97374e-09,-5.25467e-09,-5.46308e-09,-5.58612e-09,-5.61204e-09,-5.53107e-09,-5.33626e-09,-5.02463e-09,-4.5983e-09,-4.06591e-09,-3.4441e-09,-2.75903e-09,-2.04806e-09,-1.36102e-09,-7.61526e-10,-3.27849e-10,0
0,1.53861e-10,3.57508e-10,6.39405e-10,9.62637e-10,1.29711e-09,1.61927e-09,1.91155e-09,2.16178e-09,2.36238e-09,2.50961e-09,2.60281e-09,2.64374e-09,2.63599e-09,2.58441e-09,2.49472e-09,2.37309e-09,2.22588e-09,2.05932e-09,1.87938e-09,1.69157e-09,1.50094e-09,1.31188e-09,1.12821e-09,9.5308e-10,7.89095e-10,6.38217e-10,5.01954e-10,3.81259e-10,2.76748e-10,1.8859e-10,1.16741e-10,6.08104e-11,2.03128e-11,-5.4987e-12,-1.7365e-11,-1.62253e-11,-2.93395e-12,2.14989e-11,5.62022e-11,1.00174e-10,1.52581e-10,2.12472e-10,2.79068e-10,3.51478e-10,4.2896e-10,5.10668e-10,5.95852e-10,6.8367e-10,7.73301e-10,8.63849e-10,9.54354e-10,1.0438e-09,1.13103e-09,1.21485e-09,1.29386e-09,1.36666e-09,1.43157e-09,1.48694e-09,1.53083e-09,1.56132e-09,1.57621e-09,1.57337e-09,1.55043e-09,1.50511e-09,1.43502e-09,1.33792e-09,1.21159e-09,1.05412e-09,8.63763e-10,6.39307e-10,3.79923e-10,8.55271e-11,-2.43297e-10,-6.04964e-10,-9.96945e-10,-1.41546e-09,-1.85553e-09,-2.31072e-09,-2.77328e-09,-3.2339e-09,-3.68198e-09,-4.10551e-09,-4.49148e-09,-4.82594e-09,-5.09457e-09,-5.28302e-09,-5.3777e-09,-5.3664e-09,-5.23941e-09,-4.99056e-09,-4.61866e-09,-4.12908e-09,-3.53561e-09,-2.86262e-09,-2.14713e-09,-1.44129e-09,-8.13886e-10,-3.52503e-10,0
0,1.65429e-10,3.82005e-10,6.76723e-10,1.00825e-09,1.34405e-09,1.65948e-09,1.93716e-09,2.16578e-09,2.33917e-09,2.45516e-09,2.51474e-09,2.52125e-09,2.47963e-09,2.39594e-09,2.27683e-09,2.12922e-09,1.9599e-09,1.77545e-09,1.58192e-09,1.38481e-09,1.18896e-09,9.98539e-10,8.16987e-10,6.47134e-10,4.91103e-10,3.50512e-10,2.26376e-10,1.19336e-10,2.95519e-11,-4.30522e-11,-9.89179e-11,-1.38589e-10,-1.62882e-10,-1.72601e-10,-1.68754e-10,-1.52246e-10,-1.24141e-10,-8.53357e-11,-3.68612e-11,2.04578e-11,8.5674e-11,1.5806e-10,2.36767e-10,3.21156e-10,4.10467e-10,5.04106e-10,6.01369e-10,7.01641e-10,8.04214e-10,9.08374e-10,1.01334e-09,1.11821e-09,1.22206e-09,1.32376e-09,1.42219e-09,1.51596e-09,1.60367e-09,1.68365e-09,1.75423e-09,1.8134e-09,1.85918e-09,1.8893e-09,1.9015e-09,1.89327e-09,1.86219e-09,1.80566e-09,1.72126e-09,1.60654e-09,1.45939e-09,1.27784e-09,1.06047e-09,8.06265e-10,5.14991e-10,1.87132e-10,-1.75759e-10,-5.71107e-10,-9.94976e-10,-1.44213e-09,-1.90575e-09,-2.37754e-09,-2.84751e-09,-3.30423e-09,-3.73474e-09,-4.12493e-09,-4.45969e-09,-4.72351e-09,-4.90089e-09,-4.97725e-09,-4.93977e-09,-4.77866e-09,-4.48862e-09,-4.07068e-09,-3.5345e-09,-2.90088e-09,-2.20498e-09,-1.49926e-09,-8.56788e-10,-3.73798e-10,0
0,1.75718e-10,4.02725e-10,7.04684e-10,1.03608e-09,1.3623e-09,1.65852e-09,1.90826e-09,2.10194e-09,2.23538e-09,2.30856e-09,2.32446e-09,2.28819e-09,2.20623e-09,2.08583e-09,1.93458e-09,1.75994e-09,1.56915e-09,1.36881e-09,1.16496e-09,9.62816e-10,7.66898e-10,5.80871e-10,4.07722e-10,2.49659e-10,1.08322e-10,-1.53006e-11,-1.20635e-10,-2.07621e-10,-2.76449e-10,-3.2769e-10,-3.62021e-10,-3.80389e-10,-3.83721e-10,-3.73139e-10,-3.49645e-10,-3.14384e-10,-2.68313e-10,-2.12509e-10,-1.47808e-10,-7.51642e-11,4.73395e-12,9.10756e-11,1.83317e-10,2.80786e-10,3.83046e-10,4.89535e-10,5.99859e-10,7.13513e-10,8.30059e-10,9.48969e-10,1.06966e-09,1.19151e-09,1.31371e-09,1.43547e-09,1.55573e-09,1.67347e-09,1.78734e-09,1.89603e-09,1.99786e-09,2.09118e-09,2.17395e-09,2.24414e-09,2.29935e-09,2.33723e-09,2.35506e-09,2.35021e-09,2.31982e-09,2.26117e-09,2.17147e-09,2.04823e-09,1.88909e-09,1.69221e-09,1.45616e-09,1.18033e-09,8.6482e-10,5.10885e-10,1.20869e-10,-3.01406e-10,-7.50701e-10,-1.22002e-09,-1.70071e-09,-2.18226e-09,-2.65248e-09,-3.09742e-09,-3.50184e-09,-3.84925e-09,-4.12271e-09,-4.30521e-09,-4.38082e-09,-4.3357e-09,-4.15972e-09,-3.84847e-09,-3.40576e-09,-2.84696e-09,-2.20266e-09,-1.52352e-09,-8.84371e-10,-3.89588e-10,0
0,1.8367e-10,4.168e-10,7.17727e-10,1.03691e-09,1.33879e-09,1.59938e-09,1.80435e-09,1.94676e-09,2.02524e-09,2.04244e-09,2.00368e-09,1.91608e-09,1.78765e-09,1.62681e-09,1.44188e-09,1.24081e-09,1.03087e-09,8.18616e-10,6.09674e-10,4.08839e-10,2.19945e-10,4.60447e-11,-1.10677e-10,-2.48673e-10,-3.67106e-10,-4.65594e-10,-5.44295e-10,-6.03634e-10,-6.44421e-10,-6.67563e-10,-6.74231e-10,-6.65552e-10,-6.42828e-10,-6.07216e-10,-5.59994e-10,-5.02212e-10,-4.35025e-10,-3.59308e-10,-2.76038e-10,-1.8588e-10,-8.96171e-11,1.22937e-11,1.19259e-10,2.30998e-10,3.47085e-10,4.67356e-10,5.91509e-10,7.19406e-10,8.50796e-10,9.85452e-10,1.12307e-09,1.26324e-09,1.40552e-09,1.54924e-09,1.6938e-09,1.83826e-09,1.98175e-09,2.12302e-09,2.26088e-09,2.39368e-09,2.51983e-09,2.63726e-09,2.74389e-09,2.83722e-09,2.91468e-09,2.97335e-09,3.01028e-09,3.02222e-09,3.00599e-09,2.9583e-09,2.87604e-09,2.7562e-09,2.59626e-09,2.39404e-09,2.14819e-09,1.85809e-09,1.52432e-09,1.14861e-09,7.3431e-10,2.86324e-10,-1.88472e-10,-6.81342e-10,-1.18137e-09,-1.6757e-09,-2.1494e-09,-2.58587e-09,-2.967e-09,-3.27394e-09,-3.48761e-09,-3.59003e-09,-3.5656e-09,-3.4033e-09,-3.09939e-09,-2.6611e-09,-2.11162e-09,-1.49576e-09,-8.87251e-10,-3.95751e-10,0
0,1.87321e-10,4.19746e-10,7.07092e-10,9.97065e-10,1.25449e-09,1.45811e-09,1.59711e-09,1.66847e-09,1.67448e-09,1.62098e-09,1.51601e-09,1.36867e-09,1.18853e-09,9.84932e-10,7.66743e-10,5.41971e-10,3.17738e-10,1.00051e-10,-1.0607e-10,-2.96726e-10,-4.68923e-10,-6.20647e-10,-7.50605e-10,-8.5828e-10,-9.43651e-10,-1.00726e-09,-1.04993e-09,-1.07286e-09,-1.07731e-09,-1.06481e-09,-1.03679e-09,-9.94826e-10,-9.40302e-10,-8.74691e-10,-7.99195e-10,-7.15084e-10,-6.233e-10,-5.24868e-10,-4.20449e-10,-3.10808e-10,-1.96328e-10,-7.75296e-11,4.54535e-11,1.72324e-10,3.03146e-10,4.37811e-10,5.76497e-10,7.1923e-10,8.66174e-10,1.01739e-09,1.17288e-09,1.33262e-09,1.49636e-09,1.66395e-09,1.83489e-09,2.00885e-09,2.18506e-09,2.36289e-09,2.54124e-09,2.71909e-09,2.89489e-09,3.0671e-09,3.23366e-09,3.39243e-09,3.54074e-09,3.67581e-09,3.79437e-09,3.89303e-09,3.96799e-09,4.01541e-09,4.03119e-09,4.01134e-09,3.95184e-09,3.84907e-09,3.69969e-09,3.50112e-09,3.25153e-09,2.9503e-09,2.59805e-09,2.19714e-09,1.75168e-09,1.26802e-09,7.54644e-10,2.22648e-10,-3.14543e-10,-8.40893e-10,-1.33823e-09,-1.78629e-09,-2.16355e-09,-2.44784e-09,-2.61787e-09,-2.65495e-09,-2.54588e-09,-2.28702e-09,-1.88979e-09,-1.38867e-09,-8.50378e-10,-3.86196e-10,0
0,1.83787e-10,4.04433e-10,6.59811e-10,8.96536e-10,1.08261e-09,1.20162e-09,1.24836e-09,1.22504e-09,1.13854e-09,9.98417e-10,8.15478e-10,6.0089e-10,3.65396e-10,1.19031e-10,-1.29322e-10,-3.7192e-10,-6.02403e-10,-8.15618e-10,-1.00774e-09,-1.17602e-09,-1.31883e-09,-1.43534e-09,-1.52559e-09,-1.59018e-09,-1.63024e-09,-1.64721e-09,-1.64288e-09,-1.61908e-09,-1.57782e-09,-1.521e-09,-1.45058e-09,-1.36828e-09,-1.27585e-09,-1.17472e-09,-1.0663e-09,-9.51672e-10,-8.31909e-10,-7.07696e-10,-5.7979e-10,-4.48511e-10,-3.14309e-10,-1.77179e-10,-3.72952e-11,1.05624e-10,2.51657e-10,4.01289e-10,5.54815e-10,7.12815e-10,8.75718e-10,1.04403e-09,1.21815e-09,1.39833e-09,1.58485e-09,1.77771e-09,1.97711e-09,2.18284e-09,2.39488e-09,2.61276e-09,2.83617e-09,3.06423e-09,3.29615e-09,3.53055e-09,3.76597e-09,4.00038e-09,4.23153e-09,4.45657e-09,4.67239e-09,4.87526e-09,5.06116e-09,5.22552e-09,5.36353e-09,5.46994e-09,5.53945e-09,5.56655e-09,5.54596e-09,5.47258e-09,5.34198e-09,5.15039e-09,4.89529e-09,4.57548e-09,4.19164e-09,3.74643e-09,3.24509e-09,2.69543e-09,2.1084e-09,1.49791e-09,8.81259e-10,2.78675e-10,-2.86526e-10,-7.8885e-10,-1.2012e-09,-1.49667e-09,-1.65089e-09,-1.64605e-09,-1.47728e-09,-1.16153e-09,-7.51264e-10,-3.50763e-10,0
0,1.68267e-10,3.60217e-10,5.56559e-10,7.06876e-10,7.85761e-10,7.85081e-10,7.07433e-10,5.61825e-10,3.60544e-10,1.17137e-10,-1.54768e-10,-4.424e-10,-7.34142e-10,-1.02e-09,-1.29153e-09,-1.54204e-09,-1.7664e-09,-1.96106e-09,-2.12376e-09,-2.25356e-09,-2.35044e-09,-2.41532e-09,-2.44971e-09,-2.4557e-09,-2.43564e-09,-2.39215e-09,-2.3279e-09,-2.24561e-09,-2.14783e-09,-2.03707e-09,-1.91555e-09,-1.78537e-09,-1.64828e-09,-1.50592e-09,-1.35952e-09,-1.21025e-09,-1.05884e-09,-9.06041e-10,-7.52115e-10,-5.97437e-10,-4.41868e-10,-2.85452e-10,-1.277e-10,3.16449e-11,1.93364e-10,3.58002e-10,5.26545e-10,6.99786e-10,8.78767e-10,1.0644e-09,1.2575e-09,1.45882e-09,1.66888e-09,1.88837e-09,2.11764e-09,2.35735e-09,2.60767e-09,2.86907e-09,3.14148e-09,3.42497e-09,3.71904e-09,4.02319e-09,4.33626e-09,4.65695e-09,4.98321e-09,5.31273e-09,5.64237e-09,5.96858e-09,6.28698e-09,6.59271e-09,6.88006e-09,7.14288e-09,7.37428e-09,7.56707e-09,7.71358e-09,7.80615e-09,7.83706e-09,7.79911e-09,7.68567e-09,7.49132e-09,7.21201e-09,6.84579e-09,6.39296e-09,5.85688e-09,5.24403e-09,4.56484e-09,3.83364e-09,3.06932e-09,2.29509e-09,1.53885e-09,8.32465e-10,2.11255e-10,-2.88022e-10,-6.30489e-10,-7.89095e-10,-7.55437e-10,-5.55417e-10,-2.74555e-10,0
0,1.33697e-10,2.70728e-10,3.69343e-10,3.87648e-10,3.12702e-10,1.48424e-10,-9.19771e-11,-3.91278e-10,-7.31221e-10,-1.09418e-09,-1.46424e-09,-1.82748e-09,-2.17238e-09,-2.48962e-09,-2.77225e-09,-3.0153e-09,-3.21581e-09,-3.3724e-09,-3.48523e-09,-3.55554e-09,-3.58562e-09,-3.57834e-09,-3.53718e-09,-3.4658e-09,-3.3681e-09,-3.24788e-09,-3.10889e-09,-2.95458e-09,-2.78826e-09,-2.61277e-09,-2.43077e-09,-2.2444e-09,-2.05562e-09,-1.86586e-09,-1.67644e-09,-1.48813e-09,-1.30168e-09,-1.1173e-09,-9.35256e-10,-7.55281e-10,-5.77262e-10,-4.005e-10,-2.24553e-10,-4.83598e-11,1.28852e-10,3.08454e-10,4.91562e-10,6.7976e-10,8.74449e-10,1.0772e-09,1.28937e-09,1.51197e-09,1.7462e-09,1.99291e-09,2.25338e-09,2.52844e-09,2.81937e-09,3.1269e-09,3.45213e-09,3.79552e-09,4.1577e-09,4.53864e-09,4.93826e-09,5.35569e-09,5.78984e-09,6.2387e-09,6.69979e-09,7.16965e-09,7.64411e-09,8.11793e-09,8.58501e-09,9.03813e-09,9.46922e-09,9.86911e-09,1.02279e-08,1.05349e-08,1.07789e-08,1.09486e-08,1.10326e-08,1.10202e-08,1.09016e-08,1.06685e-08,1.0315e-08,9.83783e-09,9.23728e-09,8.51772e-09,7.68861e-09,6.76472e-09,5.76733e-09,4.7242e-09,3.67069e-09,2.64929e-09,1.70961e-09,9.06109e-10,2.93191e-10,-8.4464e-11,-2.11735e-10,-1.33582e-10,0
0,6.8644e-11,1.116e-10,5.71575e-11,-1.1767e-10,-4.06401e-10,-7.87815e-10,-1.23558e-09,-1.72307e-09,-2.22585e-09,-2.72286e-09,-3.19656e-09,-3.63316e-09,-4.02213e-09,-4.35626e-09,-4.63098e-09,-4.84435e-09,-4.99637e-09,-5.08893e-09,-5.12517e-09,-5.10939e-09,-5.0465e-09,-4.94198e-09,-4.80141e-09,-4.63046e-09,-4.43454e-09,-4.21886e-09,-3.98814e-09,-3.74674e-09,-3.49841e-09,-3.24651e-09,-2.99376e-09,-2.74252e-09,-2.49451e-09,-2.2512e-09,-2.01345e-09,-1.78199e-09,-1.55695e-09,-1.33848e-09,-1.12613e-09,-9.19587e-10,-7.17934e-10,-5.20503e-10,-3.25954e-10,-1.33288e-10,5.92141e-11,2.52942e-10,4.49965e-10,6.52128e-10,8.6172e-10,1.08095e-09,1.31171e-09,1.55555e-09,1.81378e-09,2.08819e-09,2.38019e-09,2.69181e-09,3.0246e-09,3.38065e-09,3.76147e-09,4.16894e-09,4.60428e-09,5.06884e-09,5.56322e-09,6.08789e-09,6.64243e-09,7.22597e-09,7.8366e-09,8.47166e-09,9.12719e-09,9.79822e-09,1.04783e-08,1.11597e-08,1.1833e-08,1.24876e-08,1.3111e-08,1.36896e-08,1.42083e-08,1.46512e-08,1.50013e-08,1.52417e-08,1.53555e-08,1.53267e-08,1.51409e-08,1.47862e-08,1.42539e-08,1.354e-08,1.26456e-08,1.15787e-08,1.0355e-08,8.99951e-09,7.54773e-09,6.0475e-09,4.55986e-09,3.15978e-09,1.93425e-09,9.74276e-10,3.57309e-10,1.07906e-10,0
0,-4.4042e-11,-1.54334e-10,-4.38938e-10,-8.88008e-10,-1.46538e-09,-2.12765e-09,-2.83287e-09,-3.54457e-09,-4.23288e-09,-4.87428e-09,-5.45132e-09,-5.95162e-09,-6.36757e-09,-6.69529e-09,-6.93438e-09,-7.08699e-09,-7.15757e-09,-7.15209e-09,-7.07778e-09,-6.94254e-09,-6.7547e-09,-6.52256e-09,-6.25433e-09,-5.95769e-09,-5.63986e-09,-5.30732e-09,-4.9659e-09,-4.62058e-09,-4.27568e-09,-3.93467e-09,-3.60045e-09,-3.27512e-09,-2.96035e-09,-2.6571e-09,-2.36605e-09,-2.08724e-09,-1.82062e-09,-1.56551e-09,-1.32136e-09,-1.08693e-09,-8.61287e-10,-6.42776e-10,-4.3013e-10,-2.21304e-10,-1.46671e-11,1.9225e-10,4.01612e-10,6.16354e-10,8.39276e-10,1.07376e-09,1.32238e-09,1.58667e-09,1.86865e-09,2.17016e-09,2.49385e-09,2.84197e-09,3.21757e-09,3.62318e-09,4.06193e-09,4.53637e-09,5.04939e-09,5.60323e-09,6.20016e-09,6.84168e-09,7.52895e-09,8.26217e-09,9.04082e-09,9.86309e-09,1.07261e-08,1.16252e-08,1.25544e-08,1.35056e-08,1.44687e-08,1.54316e-08,1.63797e-08,1.72962e-08,1.81623e-08,1.89566e-08,1.96564e-08,2.02372e-08,2.06737e-08,2.09403e-08,2.10121e-08,2.08658e-08,2.0481e-08,1.98413e-08,1.89364e-08,1.77628e-08,1.63269e-08,1.46463e-08,1.27527e-08,1.0695e-08,8.54285e-09,6.39031e-09,4.35896e-09,2.59719e-09,1.2665e-09,5.0648e-10,0
0,-2.31674e-10,-5.82473e-10,-1.20404e-09,-2.03173e-09,-2.98913e-09,-4.00531e-09,-5.02177e-09,-5.99296e-09,-6.88504e-09,-7.67434e-09,-8.34533e-09,-8.88964e-09,-9.30431e-09,-9.59119e-09,-9.75555e-09,-9.80561e-09,-9.75143e-09,-9.60453e-09,-9.37704e-09,-9.08142e-09,-8.72985e-09,-8.33407e-09,-7.90499e-09,-7.45262e-09,-6.98586e-09,-6.51258e-09,-6.0394e-09,-5.57197e-09,-5.11477e-09,-4.6714e-09,-4.24445e-09,-3.83584e-09,-3.44663e-09,-3.07745e-09,-2.72816e-09,-2.39844e-09,-2.08733e-09,-1.79386e-09,-1.51645e-09,-1.25374e-09,-1.00371e-09,-7.64719e-10,-5.34379e-10,-3.10786e-10,-9.11411e-11,1.26925e-10,3.46773e-10,5.71637e-10,8.05566e-10,1.05348e-09,1.31869e-09,1.60259e-09,1.90702e-09,2.23492e-09,2.58905e-09,2.97329e-09,3.39106e-09,3.84674e-09,4.34411e-09,4.88767e-09,5.48131e-09,6.12924e-09,6.83504e-09,7.6022e-09,8.4334e-09,9.3308e-09,1.02954e-08,1.13271e-08,1.24244e-08,1.3584e-08,1.48006e-08,1.60664e-08,1.73713e-08,1.87022e-08,2.00426e-08,2.13732e-08,2.26709e-08,2.39092e-08,2.50586e-08,2.60864e-08,2.69573e-08,2.76345e-08,2.80799e-08,2.82559e-08,2.81264e-08,2.76592e-08,2.68268e-08,2.56103e-08,2.40004e-08,2.20021e-08,1.96372e-08,1.69502e-08,1.40133e-08,1.09353e-08,7.87118e-09,5.03157e-09,2.687e-09,1.14625e-09,0
0,-5.35223e-10,-1.25602e-09,-2.35826e-09,-3.69613e-09,-5.14079e-09,-6.59144e-09,-7.97369e-09,-9.23527e-09,-1.03415e-08,-1.12712e-08,-1.20144e-08,-1.25689e-08,-1.29398e-08,-1.31368e-08,-1.31734e-08,-1.30657e-08,-1.28312e-08,-1.24883e-08,-1.20552e-08,-1.15496e-08,-1.09882e-08,-1.03865e-08,-9.75837e-09,-9.11608e-09,-8.47027e-09,-7.82984e-09,-7.2022e-09,-6.59317e-09,-6.00731e-09,-5.44783e-09,-4.91696e-09,-4.41587e-09,-3.94506e-09,-3.50417e-09,-3.09248e-09,-2.70859e-09,-2.35102e-09,-2.01766e-09,-1.7066e-09,-1.41528e-09,-1.14159e-09,-8.82652e-10,-6.36205e-10,-3.99104e-10,-1.68805e-10,5.82928e-11,2.85489e-10,5.17362e-10,7.58536e-10,1.01726e-09,1.29796e-09,1.59991e-09,1.92551e-09,2.27764e-09,2.6607e-09,3.07889e-09,3.53763e-09,4.04193e-09,4.59775e-09,5.21057e-09,5.88657e-09,6.63141e-09,7.45103e-09,8.35077e-09,9.33577e-09,1.04103e-08,1.15778e-08,1.28404e-08,1.41987e-08,1.56515e-08,1.7195e-08,1.88229e-08,2.05254e-08,2.22894e-08,2.40974e-08,2.59277e-08,2.77535e-08,2.95433e-08,3.12604e-08,3.28631e-08,3.43051e-08,3.55359e-08,3.6502e-08,3.71477e-08,3.74177e-08,3.72578e-08,3.66188e-08,3.54585e-08,3.37464e-08,3.14663e-08,2.86235e-08,2.52494e-08,2.14115e-08,1.72248e-08,1.287e-08,8.61909e-09,4.86516e-09,2.1526e-09,0
0,-1.01636e-09,-2.29579e-09,-4.06883e-09,-6.07606e-09,-8.12946e-09,-1.00989e-08,-1.18981e-08,-1.34725e-08,-1.47905e-08,-1.5838e-08,-1.66139e-08,-1.71268e-08,-1.73926e-08,-1.74326e-08,-1.7271e-08,-1.69342e-08,-1.64493e-08,-1.58429e-08,-1.51404e-08,-1.43657e-08,-1.35405e-08,-1.26841e-08,-1.18136e-08,-1.09433e-08,-1.00853e-08,-9.24931e-09,-8.44304e-09,-7.67226e-09,-6.94098e-09,-6.25184e-09,-5.60607e-09,-5.004e-09,-4.44491e-09,-3.92754e-09,-3.44986e-09,-3.00966e-09,-2.60413e-09,-2.23057e-09,-1.88573e-09,-1.56675e-09,-1.27015e-09,-9.93083e-10,-7.31953e-10,-4.83906e-10,-2.4515e-10,-1.24836e-11,2.18568e-10,4.52703e-10,6.954e-10,9.61466e-10,1.2569e-09,1.57581e-09,1.92009e-09,2.29413e-09,2.70267e-09,3.15208e-09,3.64839e-09,4.19894e-09,4.81066e-09,5.49153e-09,6.24918e-09,7.09196e-09,8.02782e-09,9.06501e-09,1.02112e-08,1.14737e-08,1.28588e-08,1.4372e-08,1.60168e-08,1.77948e-08,1.97052e-08,2.17437e-08,2.39025e-08,2.61693e-08,2.85267e-08,3.09515e-08,3.34143e-08,3.58787e-08,3.8301e-08,4.06301e-08,4.28074e-08,4.47674e-08,4.64378e-08,4.77418e-08,4.85989e-08,4.89281e-08,4.86502e-08,4.76929e-08,4.59938e-08,4.35079e-08,4.02124e-08,3.61169e-08,3.12731e-08,2.57913e-08,1.98647e-08,1.38109e-08,8.14362e-09,3.6894e-09,0
0,-1.75716e-09,-3.87171e-09,-6.55876e-09,-9.42215e-09,-1.22157e-08,-1.47879e-08,-1.70474e-08,-1.89431e-08,-2.04526e-08,-2.15739e-08,-2.23203e-08,-2.27156e-08,-2.27916e-08,-2.25845e-08,-2.21331e-08,-2.14769e-08,-2.06543e-08,-1.97021e-08,-1.86541e-08,-1.75409e-08,-1.63895e-08,-1.52233e-08,-1.40621e-08,-1.2922e-08,-1.18163e-08,-1.07548e-08,-9.7451e-09,-8.79215e-09,-7.8991e-09,-7.06725e-09,-6.29662e-09,-5.58595e-09,-4.93322e-09,-4.33553e-09,-3.78968e-09,-3.29187e-09,-2.83833e-09,-2.42484e-09,-2.04754e-09,-1.70208e-09,-1.38476e-09,-1.09131e-09,-8.18294e-10,-5.61557e-10,-3.17855e-10,-8.29501e-11,1.46953e-10,3.77531e-10,6.11743e-10,8.80381e-10,1.19261e-09,1.52727e-09,1.88781e-09,2.27949e-09,2.70952e-09,3.18502e-09,3.71454e-09,4.30635e-09,4.96998e-09,5.71485e-09,6.55141e-09,7.49009e-09,8.54202e-09,9.71821e-09,1.10299e-08,1.24879e-08,1.41024e-08,1.58828e-08,1.78367e-08,1.99699e-08,2.22855e-08,2.4783e-08,2.74578e-08,3.03001e-08,3.32939e-08,3.64164e-08,3.96365e-08,4.29141e-08,4.61992e-08,4.94315e-08,5.25395e-08,5.54407e-08,5.80421e-08,6.0241e-08,6.19271e-08,6.29846e-08,6.32964e-08,6.27485e-08,6.12366e-08,5.86723e-08,5.49935e-08,5.01738e-08,4.42368e-08,3.72741e-08,2.94735e-08,2.1171e-08,1.29548e-08,5.91273e-09,0
0,-2.84002e-09,-6.20212e-09,-1.01105e-08,-1.40421e-08,-1.77152e-08,-2.09705e-08,-2.37213e-08,-2.59281e-08,-2.75843e-08,-2.87074e-08,-2.93315e-08,-2.95027e-08,-2.92739e-08,-2.87017e-08,-2.78433e-08,-2.67544e-08,-2.54875e-08,-2.40909e-08,-2.26076e-08,-2.10757e-08,-1.95274e-08,-1.79899e-08,-1.64853e-08,-1.50309e-08,-1.36402e-08,-1.23227e-08,-1.10847e-08,-9.92994e-09,-8.85974e-09,-7.87363e-09,-6.96958e-09,-6.14446e-09,-5.3942e-09,-4.7142e-09,-4.09931e-09,-3.54434e-09,-3.04374e-09,-2.59227e-09,-2.18442e-09,-1.81528e-09,-1.47959e-09,-1.17299e-09,-8.90624e-10,-6.28751e-10,-3.83063e-10,-1.50344e-10,7.34884e-11,2.92981e-10,5.00352e-10,7.64864e-10,1.10264e-09,1.45331e-09,1.82592e-09,2.23024e-09,2.67509e-09,3.17059e-09,3.72614e-09,4.3528e-09,5.06131e-09,5.86401e-09,6.77331e-09,7.80295e-09,8.96689e-09,1.028e-08,1.17573e-08,1.34139e-08,1.52649e-08,1.73246e-08,1.96059e-08,2.21202e-08,2.48759e-08,2.78782e-08,3.11276e-08,3.46187e-08,3.83392e-08,4.22686e-08,4.63761e-08,5.06201e-08,5.49457e-08,5.92841e-08,6.35511e-08,6.76468e-08,7.14545e-08,7.48424e-08,7.76637e-08,7.97603e-08,8.09659e-08,8.11126e-08,8.00371e-08,7.75923e-08,7.36567e-08,6.81507e-08,6.10518e-08,5.24165e-08,4.24075e-08,3.13382e-08,1.97654e-08,8.70732e-09,0
0,-4.22604e-09,-9.53042e-09,-1.50503e-08,-2.02948e-08,-2.49982e-08,-2.90147e-08,-3.22735e-08,-3.47558e-08,-3.64814e-08,-3.74964e-08,-3.78663e-08,-3.76673e-08,-3.69814e-08,-3.58917e-08,-3.44786e-08,-3.28176e-08,-3.09776e-08,-2.90199e-08,-2.69976e-08,-2.49559e-08,-2.29322e-08,-2.09566e-08,-1.90525e-08,-1.72375e-08,-1.55242e-08,-1.39205e-08,-1.24307e-08,-1.10562e-08,-9.7956e-09,-8.64581e-09,-7.6022e-09,-6.65896e-09,-5.80968e-09,-5.0473e-09,-4.36474e-09,-3.75461e-09,-3.2099e-09,-2.72346e-09,-2.28881e-09,-1.89929e-09,-1.54926e-09,-1.23271e-09,-9.4496e-10,-6.80955e-10,-4.37441e-10,-2.11432e-10,-3.50712e-12,1.81068e-10,2.58053e-10,0,0,0,0,0,0,0,0,0,0,0,0,0,0,0,0,0,0,0,0,0,0,0,0,0,0,0,0,0,0,0,0,0,0,0,0,0,0,0,0,0,0,0,0,0,0,0,0,0,0
0,0,0,0,0,0,0,0,0,0,0,0,0,0,0,0,0,0,0,0,0,0,0,0,0,0,0,0,0,0,0,0,0,0,0,0,0,0,0,0,0,0,0,0,0,0,0,0,0,0,0,0,0,0,0,0,0,0,0,0,0,0,0,0,0,0,0,0,0,0,0,0,0,0,0,0,0,0,0,0,0,0,0,0,0,0,0,0,0,0,0,0,0,0,0,0,0,0,0,0
0,0,0,0,0,0,0,0,0,0,0,0,0,0,0,0,0,0,0,0,0,0,0,0,0,0,0,0,0,0,0,0,0,0,0,0,0,0,0,0,0,0,0,0,0,0,0,0,0,0,0,0,0,0,0,0,0,0,0,0,0,0,0,0,0,0,0,0,0,0,0,0,0,0,0,0,0,0,0,0,0,0,0,0,0,0,0,0,0,0,0,0,0,0,0,0,0,0,0,0
0,0,0,0,0,0,0,0,0,0,0,0,0,0,0,0,0,0,0,0,0,0,0,0,0,0,0,0,0,0,0,0,0,0,0,0,0,0,0,0,0,0,0,0,0,0,0,0,0,0,0,0,0,0,0,0,0,0,0,0,0,0,0,0,0,0,0,0,0,0,0,0,0,0,0,0,0,0,0,0,0,0,0,0,0,0,0,0,0,0,0,0,0,0,0,0,0,0,0,0
0,0,0,0,0,0,0,0,0,0,0,0,0,0,0,0,0,0,0,0,0,0,0,0,0,0,0,0,0,0,0,0,0,0,0,0,0,0,0,0,0,0,0,0,0,0,0,0,0,0,0,0,0,0,0,0,0,0,0,0,0,0,0,0,0,0,0,0,0,0,0,0,0,0,0,0,0,0,0,0,0,0,0,0,0,0,0,0,0,0,0,0,0,0,0,0,0,0,0,0
0,0,0,0,0,0,0,0,0,0,0,0,0,0,0,0,0,0,0,0,0,0,0,0,0,0,0,0,0,0,0,0,0,0,0,0,0,0,0,0,0,0,0,0,0,0,0,0,0,0,0,0,0,0,0,0,0,0,0,0,0,0,0,0,0,0,0,0,0,0,0,0,0,0,0,0,0,0,0,0,0,0,0,0,0,0,0,0,0,0,0,0,0,0,0,0,0,0,0,0
0,0,0,0,0,0,0,0,0,0,0,0,0,0,0,0,0,0,0,0,0,0,0,0,0,0,0,0,0,0,0,0,0,0,0,0,0,0,0,0,0,0,0,0,0,0,0,0,0,0,0,0,0,0,0,0,0,0,0,0,0,0,0,0,0,0,0,0,0,0,0,0,0,0,0,0,0,0,0,0,0,0,0,0,0,0,0,0,0,0,0,0,0,0,0,0,0,0,0,0
0,0,0,0,0,0,0,0,0,0,0,0,0,0,0,0,0,0,0,0,0,0,0,0,0,0,0,0,0,0,0,0,0,0,0,0,0,0,0,0,0,0,0,0,0,0,0,0,0,0,0,0,0,0,0,0,0,0,0,0,0,0,0,0,0,0,0,0,0,0,0,0,0,0,0,0,0,0,0,0,0,0,0,0,0,0,0,0,0,0,0,0,0,0,0,0,0,0,0,0
0,0,0,0,0,0,0,0,0,0,0,0,0,0,0,0,0,0,0,0,0,0,0,0,0,0,0,0,0,0,0,0,0,0,0,0,0,0,0,0,0,0,0,0,0,0,0,0,0,0,0,0,0,0,0,0,0,0,0,0,0,0,0,0,0,0,0,0,0,0,0,0,0,0,0,0,0,0,0,0,0,0,0,0,0,0,0,0,0,0,0,0,0,0,0,0,0,0,0,0
0,0,0,0,0,0,0,0,0,0,0,0,0,0,0,0,0,0,0,0,0,0,0,0,0,0,0,0,0,0,0,0,0,0,0,0,0,0,0,0,0,0,0,0,0,0,0,0,0,0,0,0,0,0,0,0,0,0,0,0,0,0,0,0,0,0,0,0,0,0,0,0,0,0,0,0,0,0,0,0,0,0,0,0,0,0,0,0,0,0,0,0,0,0,0,0,0,0,0,0
0,0,0,0,0,0,0,0,0,0,0,0,0,0,0,0,0,0,0,0,0,0,0,0,0,0,0,0,0,0,0,0,0,0,0,0,0,0,0,0,0,0,0,0,0,0,0,0,0,0,0,0,0,0,0,0,0,0,0,0,0,0,0,0,0,0,0,0,0,0,0,0,0,0,0,0,0,0,0,0,0,0,0,0,0,0,0,0,0,0,0,0,0,0,0,0,0,0,0,0
0,0,0,0,0,0,0,0,0,0,0,0,0,0,0,0,0,0,0,0,0,0,0,0,0,0,0,0,0,0,0,0,0,0,0,0,0,0,0,0,0,0,0,0,0,0,0,0,0,0,0,0,0,0,0,0,0,0,0,0,0,0,0,0,0,0,0,0,0,0,0,0,0,0,0,0,0,0,0,0,0,0,0,0,0,0,0,0,0,0,0,0,0,0,0,0,0,0,0,0
0,0,0,0,0,0,0,0,0,0,0,0,0,0,0,0,0,0,0,0,0,0,0,0,0,0,0,0,0,0,0,0,0,0,0,0,0,0,0,0,0,0,0,0,0,0,0,0,0,0,0,0,0,0,0,0,0,0,0,0,0,0,0,0,0,0,0,0,0,0,0,0,0,0,0,0,0,0,0,0,0,0,0,0,0,0,0,0,0,0,0,0,0,0,0,0,0,0,0,0
0,0,0,0,0,0,0,0,0,0,0,0,0,0,0,0,0,0,0,0,0,0,0,0,0,0,0,0,0,0,0,0,0,0,0,0,0,0,0,0,0,0,0,0,0,0,0,0,0,0,0,0,0,0,0,0,0,0,0,0,0,0,0,0,0,0,0,0,0,0,0,0,0,0,0,0,0,0,0,0,0,0,0,0,0,0,0,0,0,0,0,0,0,0,0,0,0,0,0,0
0,0,0,0,0,0,0,0,0,0,0,0,0,0,0,0,0,0,0,0,0,0,0,0,0,0,0,0,0,0,0,0,0,0,0,0,0,0,0,0,0,0,0,0,0,0,0,0,0,0,0,0,0,0,0,0,0,0,0,0,0,0,0,0,0,0,0,0,0,0,0,0,0,0,0,0,0,0,0,0,0,0,0,0,0,0,0,0,0,0,0,0,0,0,0,0,0,0,0,0
0,0,0,0,0,0,0,0,0,0,0,0,0,0,0,0,0,0,0,0,0,0,0,0,0,0,0,0,0,0,0,0,0,0,0,0,0,0,0,0,0,0,0,0,0,0,0,0,0,0,0,0,0,0,0,0,0,0,0,0,0,0,0,0,0,0,0,0,0,0,0,0,0,0,0,0,0,0,0,0,0,0,0,0,0,0,0,0,0,0,0,0,0,0,0,0,0,0,0,0
0,0,0,0,0,0,0,0,0,0,0,0,0,0,0,0,0,0,0,0,0,0,0,0,0,0,0,0,0,0,0,0,0,0,0,0,0,0,0,0,0,0,0,0,0,0,0,0,0,0,0,0,0,0,0,0,0,0,0,0,0,0,0,0,0,0,0,0,0,0,0,0,0,0,0,0,0,0,0,0,0,0,0,0,0,0,0,0,0,0,0,0,0,0,0,0,0,0,0,0
0,0,0,0,0,0,0,0,0,0,0,0,0,0,0,0,0,0,0,0,0,0,0,0,0,0,0,0,0,0,0,0,0,0,0,0,0,0,0,0,0,0,0,0,0,0,0,0,0,0,0,0,0,0,0,0,0,0,0,0,0,0,0,0,0,0,0,0,0,0,0,0,0,0,0,0,0,0,0,0,0,0,0,0,0,0,0,0,0,0,0,0,0,0,0,0,0,0,0,0
0,0,0,0,0,0,0,0,0,0,0,0,0,0,0,0,0,0,0,0,0,0,0,0,0,0,0,0,0,0,0,0,0,0,0,0,0,0,0,0,0,0,0,0,0,0,0,0,0,0,0,0,0,0,0,0,0,0,0,0,0,0,0,0,0,0,0,0,0,0,0,0,0,0,0,0,0,0,0,0,0,0,0,0,0,0,0,0,0,0,0,0,0,0,0,0,0,0,0,0
0,0,0,0,0,0,0,0,0,0,0,0,0,0,0,0,0,0,0,0,0,0,0,0,0,0,0,0,0,0,0,0,0,0,0,0,0,0,0,0,0,0,0,0,0,0,0,0,0,0,0,0,0,0,0,0,0,0,0,0,0,0,0,0,0,0,0,0,0,0,0,0,0,0,0,0,0,0,0,0,0,0,0,0,0,0,0,0,0,0,0,0,0,0,0,0,0,0,0,0
0,0,0,0,0,0,0,0,0,0,0,0,0,0,0,0,0,0,0,0,0,0,0,0,0,0,0,0,0,0,0,0,0,0,0,0,0,0,0,0,0,0,0,0,0,0,0,0,0,0,0,0,0,0,0,0,0,0,0,0,0,0,0,0,0,0,0,0,0,0,0,0,0,0,0,0,0,0,0,0,0,0,0,0,0,0,0,0,0,0,0,0,0,0,0,0,0,0,0,0
0,0,0,0,0,0,0,0,0,0,0,0,0,0,0,0,0,0,0,0,0,0,0,0,0,0,0,0,0,0,0,0,0,0,0,0,0,0,0,0,0,0,0,0,0,0,0,0,0,0,0,0,0,0,0,0,0,0,0,0,0,0,0,0,0,0,0,0,0,0,0,0,0,0,0,0,0,0,0,0,0,0,0,0,0,0,0,0,0,0,0,0,0,0,0,0,0,0,0,0
0,0,0,0,0,0,0,0,0,0,0,0,0,0,0,0,0,0,0,0,0,0,0,0,0,0,0,0,0,0,0,0,0,0,0,0,0,0,0,0,0,0,0,0,0,0,0,0,0,0,0,0,0,0,0,0,0,0,0,0,0,0,0,0,0,0,0,0,0,0,0,0,0,0,0,0,0,0,0,0,0,0,0,0,0,0,0,0,0,0,0,0,0,0,0,0,0,0,0,0
0,0,0,0,0,0,0,0,0,0,0,0,0,0,0,0,0,0,0,0,0,0,0,0,0,0,0,0,0,0,0,0,0,0,0,0,0,0,0,0,0,0,0,0,0,0,0,0,0,0,0,0,0,0,0,0,0,0,0,0,0,0,0,0,0,0,0,0,0,0,0,0,0,0,0,0,0,0,0,0,0,0,0,0,0,0,0,0,0,0,0,0,0,0,0,0,0,0,0,0
0,0,0,0,0,0,0,0,0,0,0,0,0,0,0,0,0,0,0,0,0,0,0,0,0,0,0,0,0,0,0,0,0,0,0,0,0,0,0,0,0,0,0,0,0,0,0,0,0,0,0,0,0,0,0,0,0,0,0,0,0,0,0,0,0,0,0,0,0,0,0,0,0,0,0,0,0,0,0,0,0,0,0,0,0,0,0,0,0,0,0,0,0,0,0,0,0,0,0,0
0,0.00160623,0.00284805,0.00314225,0.0029546,0.00249935,0.00187871,0.00114529,0.000329595,-0.000547968,-0.00147193,-0.00242948,-0.00340949,-0.00440206,-0.00539842,-0.00639075,-0.00737221,-0.00833684,-0.00927959,-0.0101962,-0.0110832,-0.0119378,-0.0127579,-0.013542,-0.0142891,-0.0149986,-0.0156706,-0.0163051,-0.0169027,-0.0174642,-0.0179906,-0.018483,-0.0189426,-0.0193708,-0.019769,-0.0201385,-0.0204807,-0.0207971,-0.021089,-0.0213577,-0.0216044,-0.0218303,-0.0220363,-0.0222235,-0.0223926,-0.0225444,-0.0226794,-0.0227981,-0.0229007,-0.0229875,-0.0230585,-0.0231135,-0.0231521,-0.023174,-0.0231784,-0.0231645,-0.0231315,-0.023078,-0.0230027,-0.0229043,-0.0227809,-0.0226308,-0.022452,-0.0222423,-0.0219997,-0.0217218,-0.0214062,-0.0210506,-0.0206527,-0.0202101,-0.0197208,-0.0191826,-0.018594,-0.0179534,-0.0172599,-0.016513,-0.0157126,-0.0148594,-0.0139548,-0.013001,-0.0120011,-0.0109592,-0.0098803,-0.00877054,-0.00763713,-0.0064884,-0.00533378,-0.00418379,-0.00305001,-0.00194515,-0.000883105,0.000120637,0.00104806,0.00187631,0.00257238,0.00308065,0.00329434,0.00299073,0.0016862,0
0,0.00171975,0.00315894,0.00380089,0.00375436,0.00319841,0.00227411,0.00107998,-0.000315388,-0.00186221,-0.00352239,-0.00526526,-0.00706519,-0.00890027,-0.0107515,-0.0126025,-0.0144389,-0.0162485,-0.0180209,-0.0197473,-0.0214207,-0.0230352,-0.0245866,-0.0260714,-0.0274876,-0.0288339,-0.0301097,-0.0313153,-0.0324514,-0.0335195,-0.0345211,-0.0354582,-0.0363332,-0.0371484,-0.0379064,-0.0386098,-0.0392611,-0.039863,-0.040418,-0.0409285,-0.0413967,-0.0418248,-0.0422148,-0.0425684,-0.0428872,-0.0431725,-0.0434254,-0.0436468,-0.0438371,-0.0439967,-0.0441257,-0.0442237,-0.0442902,-0.0443242,-0.0443246,-0.0442898,-0.044218,-0.0441071,-0.0439545,-0.0437574,-0.0435129,-0.0432174,-0.0428673,-0.0424589,-0.041988,-0.0414505,-0.0408421,-0.0401584,-0.0393952,-0.0385485,-0.0376144,-0.0365894,-0.0354704,-0.0342552,-0.032942,-0.0315302,-0.03002,-0.0284132,-0.0267125,-0.0249226,-0.0230496,-0.0211016,-0.0190885,-0.0170224,-0.0149174,-0.0127902,-0.0106594,-0.00854649,-0.00647526,-0.00447272,-0.00256948,-0.000801095,0.000789582,0.00214817,0.00320143,0.00384603,0.00393574,0.0032869,0.00179218,0
0,0.00139099,0.00262217,0.00331389,0.00332499,0.00271977,0.00160874,9.69069e-05,-0.00172815,-0.0037956,-0.00604788,-0.00843744,-0.0109243,-0.0134743,-0.0160582,-0.0186507,-0.0212299,-0.0237774,-0.0262773,-0.0287163,-0.0310837,-0.0333706,-0.0355703,-0.0376777,-0.0396893,-0.0416028,-0.0434173,-0.0451329,-0.0467503,-0.0482713,-0.0496981,-0.0510333,-0.05228,-0.0534415,-0.0545214,-0.0555233,-0.0564508,-0.0573074,-0.0580969,-0.0588224,-0.0594873,-0.0600946,-0.060647,-0.061147,-0.0615968,-0.0619983,-0.062353,-0.0626622,-0.0629267,-0.0631468,-0.0633227,-0.0634538,-0.0635395,-0.0635785,-0.063569,-0.063509,-0.0633959,-0.0632267,-0.0629978,-0.0627055,-0.0623454,-0.0619128,-0.0614027,-0.0608098,-0.0601284,-0.0593527,-0.058477,-0.0574953,-0.0564018,-0.055191,-0.0538576,-0.052397,-0.0508052,-0.0490792,-0.047217,-0.0452179,-0.0430827,-0.0408141,-0.0384165,-0.0358968,-0.0332642,-0.0305304,-0.0277102,-0.0248211,-0.0218841,-0.0189234,-0.0159668,-0.013046,-0.010197,-0.00746057,-0.0048834,-0.00251956,-0.000432876,0.00129988,0.00258562,0.00331446,0.00337247,0.00269571,0.00143588,0
0,0.00097977,0.00186555,0.0023782,0.00228513,0.00156058,0.000264848,-0.0015155,-0.003693,-0.00618824,-0.00893179,-0.0118637,-0.0149322,-0.0180927,-0.0213063,-0.0245397,-0.0277641,-0.0309546,-0.0340906,-0.0371542,-0.0401313,-0.0430099,-0.045781,-0.0484378,-0.0509752,-0.0533902,-0.0556812,-0.057848,-0.0598914,-0.0618133,-0.0636164,-0.0653037,-0.0668792,-0.0683469,-0.0697111,-0.0709764,-0.0721472,-0.0732281,-0.0742235,-0.0751377,-0.0759746,-0.0767381,-0.0774317,-0.0780584,-0.0786212,-0.0791223,-0.0795637,-0.0799469,-0.080273,-0.0805425,-0.0807555,-0.0809115,-0.0810095,-0.081048,-0.0810249,-0.0809376,-0.0807828,-0.0805569,-0.0802555,-0.0798737,-0.0794064,-0.0788477,-0.0781913,-0.0774307,-0.076559,-0.0755691,-0.0744538,-0.0732059,-0.0718183,-0.0702842,-0.0685973,-0.0667521,-0.0647439,-0.0625691,-0.0602254,-0.0577124,-0.0550314,-0.052186,-0.0491823,-0.0460293,-0.0427388,-0.0393262,-0.0358104,-0.0322143,-0.0285646,-0.0248928,-0.0212349,-0.0176319,-0.0141304,-0.010783,-0.00764926,-0.00479684,-0.00230235,-0.000251797,0.00126168,0.00214722,0.00234279,0.00187706,0.000994525,0
0,0.000598425,0.00111518,0.00132573,0.00099829,6.23097e-05,-0.00146259,-0.00351443,-0.0060161,-0.00888901,-0.0120592,-0.0154595,-0.01903,-0.022718,-0.026477,-0.0302667,-0.0340521,-0.0378031,-0.041494,-0.0451035,-0.0486137,-0.0520102,-0.0552817,-0.0584196,-0.0614177,-0.064272,-0.0669803,-0.0695422,-0.0719584,-0.0742309,-0.0763628,-0.0783577,-0.0802199,-0.0819543,-0.0835659,-0.0850599,-0.0864418,-0.0877167,-0.08889,-0.0899666,-0.0909513,-0.0918485,-0.0926626,-0.093397,-0.0940552,-0.0946399,-0.0951536,-0.0955979,-0.0959742,-0.0962832,-0.0965248,-0.0966987,-0.0968037,-0.096838,-0.0967992,-0.0966842,-0.0964894,-0.0962103,-0.0958421,-0.095379,-0.0948149,-0.0941431,-0.0933564,-0.0924471,-0.0914073,-0.0902286,-0.0889029,-0.0874218,-0.085777,-0.0839609,-0.0819662,-0.0797866,-0.0774167,-0.0748526,-0.0720918,-0.069134,-0.065981,-0.0626374,-0.0591105,-0.0554112,-0.0515538,-0.0475567,-0.0434426,-0.0392387,-0.0349775,-0.0306961,-0.0264378,-0.0222512,-0.0181915,-0.0143203,-0.0107062,-0.00742465,-0.00455748,-0.0021902,-0.000405593,0.000730494,0.00119734,0.00106871,0.000586009,0
0,0.000272689,0.000441372,0.000300573,-0.000340835,-0.00156288,-0.00336869,-0.0057162,-0.00854073,-0.0117691,-0.0153277,-0.0191465,-0.0231607,-0.0273121,-0.0315487,-0.0358246,-0.0400996,-0.0443393,-0.0485141,-0.052599,-0.0565733,-0.0604203,-0.0641268,-0.0676826,-0.0710804,-0.0743155,-0.0773851,-0.0802885,-0.0830265,-0.0856013,-0.0880161,-0.0902751,-0.0923832,-0.0943458,-0.0961686,-0.0978575,-0.0994186,-0.100858,-0.102181,-0.103395,-0.104504,-0.105513,-0.106427,-0.107251,-0.107987,-0.10864,-0.109213,-0.109706,-0.110122,-0.110462,-0.110725,-0.110911,-0.111019,-0.111046,-0.110991,-0.11085,-0.110618,-0.110291,-0.109864,-0.109329,-0.10868,-0.10791,-0.107011,-0.105973,-0.104789,-0.103448,-0.101942,-0.100261,-0.0983969,-0.09634,-0.0940826,-0.0916176,-0.0889391,-0.0860428,-0.082926,-0.0795883,-0.0760321,-0.0722624,-0.0682879,-0.0641207,-0.0597773,-0.0552785,-0.0506503,-0.0459237,-0.0411352,-0.0363274,-0.0315487,-0.0268542,-0.0223051,-0.0179694,-0.0139208,-0.0102385,-0.00700426,-0.0042986,-0.00219201,-0.000730536,8.75914e-05,0.000344444,0.000237337,0
0,5.25362e-07,-0.000143903,-0.000643489,-0.00163721,-0.00319349,-0.00532216,-0.0079926,-0.01115,-0.0147273,-0.0186534,-0.0228579,-0.027274,-0.03184,-0.0365001,-0.0412044,-0.045909,-0.0505757,-0.0551718,-0.0596695,-0.0640459,-0.0682821,-0.0723634,-0.0762785,-0.0800191,-0.0835798,-0.0869577,-0.0901517,-0.0931628,-0.0959933,-0.0986469,-0.101128,-0.103442,-0.105596,-0.107594,-0.109445,-0.111154,-0.112729,-0.114176,-0.115501,-0.11671,-0.11781,-0.118805,-0.1197,-0.120499,-0.121206,-0.121824,-0.122355,-0.122801,-0.123163,-0.123441,-0.123635,-0.123742,-0.123762,-0.123692,-0.123526,-0.123262,-0.122894,-0.122416,-0.121821,-0.121101,-0.120249,-0.119256,-0.118111,-0.116807,-0.115332,-0.113676,-0.11183,-0.109783,-0.107526,-0.10505,-0.102348,-0.099412,-0.0962381,-0.0928231,-0.0891667,-0.0852712,-0.0811421,-0.0767887,-0.0722243,-0.0674669,-0.0625394,-0.0574699,-0.0522925,-0.0470472,-0.0417802,-0.0365444,-0.031399,-0.0264098,-0.0216484,-0.0171914,-0.0131188,-0.00951028,-0.00644074,-0.00397131,-0.00213717,-0.000930818,-0.000283588,-5.37571e-05,0
0,-0.000227194,-0.000648604,-0.00149375,-0.00285076,-0.00476614,-0.00724516,-0.0102605,-0.0137627,-0.0176893,-0.0219718,-0.0265408,-0.0313286,-0.0362719,-0.0413124,-0.0463976,-0.0514809,-0.0565214,-0.061484,-0.0663388,-0.0710611,-0.0756307,-0.0800316,-0.0842515,-0.0882816,-0.0921162,-0.095752,-0.0991882,-0.102426,-0.105467,-0.108317,-0.11098,-0.113462,-0.115769,-0.11791,-0.11989,-0.121717,-0.123399,-0.124943,-0.126355,-0.127643,-0.128812,-0.129868,-0.130817,-0.131663,-0.13241,-0.133062,-0.13362,-0.134088,-0.134465,-0.134752,-0.13495,-0.135055,-0.135067,-0.134982,-0.134797,-0.134506,-0.134105,-0.133586,-0.132942,-0.132166,-0.131249,-0.130181,-0.128952,-0.127552,-0.125971,-0.124197,-0.122219,-0.120027,-0.11761,-0.11496,-0.112066,-0.108922,-0.105523,-0.101865,-0.097947,-0.0937718,-0.0893448,-0.0846755,-0.079778,-0.074671,-0.0693788,-0.0639313,-0.0583645,-0.0527209,-0.0470496,-0.0414062,-0.0358532,-0.0304589,-0.0252973,-0.0204462,-0.0159853,-0.0119923,-0.00853824,-0.00567963,-0.00344936,-0.00184588,-0.000824409,-0.000297109,0
0,-0.000419942,-0.00108584,-0.00225483,-0.00397004,-0.0062525,-0.00909601,-0.0124702,-0.0163264,-0.0206042,-0.0252368,-0.0301555,-0.0352927,-0.0405842,-0.0459704,-0.0513969,-0.0568155,-0.0621834,-0.0674641,-0.0726262,-0.0776436,-0.0824953,-0.0871646,-0.0916386,-0.0959083,-0.0999678,-0.103814,-0.107446,-0.110866,-0.114075,-0.11708,-0.119885,-0.122498,-0.124924,-0.127173,-0.129251,-0.131166,-0.132928,-0.134543,-0.136018,-0.137362,-0.138581,-0.139681,-0.140667,-0.141545,-0.142319,-0.142992,-0.143568,-0.144048,-0.144434,-0.144727,-0.144924,-0.145027,-0.145031,-0.144935,-0.144734,-0.144422,-0.143996,-0.143447,-0.142767,-0.14195,-0.140985,-0.139863,-0.138573,-0.137103,-0.135444,-0.133582,-0.131507,-0.129206,-0.126669,-0.123886,-0.120846,-0.117542,-0.113967,-0.110119,-0.105994,-0.101595,-0.0969272,-0.0920001,-0.0868276,-0.0814291,-0.0758293,-0.0700591,-0.0641558,-0.0581634,-0.0521327,-0.0461215,-0.040194,-0.0344203,-0.0288757,-0.0236388,-0.018789,-0.0144033,-0.0105515,-0.00729056,-0.00465757,-0.00266403,-0.00129262,-0.000503003,0
0,-0.000585708,-0.00146857,-0.00293763,-0.00499775,-0.00764433,-0.0108562,-0.0145954,-0.0188104,-0.0234401,-0.0284178,-0.033675,-0.0391439,-0.0447599,-0.0504625,-0.0561967,-0.0619128,-0.0675674,-0.0731227,-0.0785467,-0.0838128,-0.0888993,-0.0937892,-0.0984698,-0.102932,-0.10717,-0.111181,-0.114965,-0.118523,-0.12186,-0.12498,-0.12789,-0.130596,-0.133107,-0.135431,-0.137577,-0.139552,-0.141366,-0.143027,-0.144543,-0.145922,-0.147171,-0.148296,-0.149303,-0.150199,-0.150987,-0.151671,-0.152255,-0.152741,-0.15313,-0.153422,-0.153618,-0.153717,-0.153715,-0.15361,-0.153398,-0.153073,-0.15263,-0.152062,-0.151361,-0.150517,-0.149523,-0.148367,-0.147038,-0.145524,-0.143815,-0.141897,-0.139757,-0.137384,-0.134766,-0.131891,-0.128748,-0.12533,-0.121629,-0.117639,-0.113359,-0.108789,-0.103935,-0.0988035,-0.0934099,-0.0877727,-0.0819168,-0.0758732,-0.0696798,-0.0633812,-0.0570294,-0.050683,-0.0444075,-0.0382743,-0.0323596,-0.0267427,-0.0215039,-0.016721,-0.0124657,-0.00879904,-0.00576725,-0.00339843,-0.00170277,-0.000680208,0
0,-0.000730802,-0.00180806,-0.0035545,-0.00594286,-0.00894436,-0.0125213,-0.0166255,-0.0211997,-0.0261795,-0.0314967,-0.0370821,-0.0428673,-0.0487873,-0.0547811,-0.060793,-0.0667731,-0.0726773,-0.0784677,-0.0841119,-0.0895833,-0.0948602,-0.0999259,-0.104768,-0.109378,-0.11375,-0.117882,-0.121775,-0.125431,-0.128855,-0.132052,-0.135029,-0.137794,-0.140357,-0.142725,-0.144908,-0.146915,-0.148755,-0.150438,-0.151972,-0.153365,-0.154624,-0.155757,-0.15677,-0.157669,-0.158459,-0.159144,-0.159727,-0.160211,-0.160598,-0.160887,-0.161079,-0.161173,-0.161167,-0.161056,-0.160839,-0.160508,-0.160058,-0.159482,-0.158772,-0.157919,-0.156913,-0.155743,-0.154399,-0.152867,-0.151135,-0.14919,-0.147019,-0.14461,-0.141948,-0.139021,-0.13582,-0.132332,-0.12855,-0.124468,-0.120082,-0.115392,-0.110401,-0.105117,-0.0995523,-0.0937257,-0.087661,-0.081389,-0.0749473,-0.0683805,-0.0617409,-0.0550876,-0.0484869,-0.0420109,-0.0357372,-0.0297463,-0.0241202,-0.0189396,-0.0142805,-0.0102114,-0.00679041,-0.00406374,-0.00206757,-0.00083574,0
0,-0.000860114,-0.0021136,-0.00411726,-0.00681667,-0.0101608,-0.0140952,-0.0185598,-0.0234894,-0.0288148,-0.0344646,-0.0403677,-0.0464546,-0.0526594,-0.0589209,-0.0651831,-0.071396,-0.0775155,-0.0835038,-0.0893289,-0.0949647,-0.10039,-0.105588,-0.110549,-0.115263,-0.119726,-0.123937,-0.127898,-0.131612,-0.135083,-0.138319,-0.141328,-0.144118,-0.146699,-0.14908,-0.151272,-0.153283,-0.155125,-0.156806,-0.158335,-0.159721,-0.160973,-0.162097,-0.163101,-0.163991,-0.164771,-0.165446,-0.16602,-0.166495,-0.166874,-0.167157,-0.167344,-0.167433,-0.167424,-0.167312,-0.167094,-0.166764,-0.166317,-0.165745,-0.16504,-0.164193,-0.163193,-0.16203,-0.160692,-0.159166,-0.15744,-0.155499,-0.153329,-0.150917,-0.148249,-0.145311,-0.142091,-0.138578,-0.134761,-0.130633,-0.126189,-0.121427,-0.116348,-0.11096,-0.105273,-0.0993037,-0.0930752,-0.086617,-0.0799659,-0.0731661,-0.0662695,-0.0593354,-0.0524303,-0.0456275,-0.0390057,-0.0326477,-0.0266384,-0.021063,-0.0160041,-0.0115397,-0.00774131,-0.00467395,-0.00239768,-0.00097511,0
0,-0.00097744,-0.00239278,-0.00463648,-0.00763077,-0.0113043,-0.0155861,-0.0204035,-0.0256819,-0.0313457,-0.0373191,-0.0435281,-0.0499016,-0.0563724,-0.0628788,-0.0693648,-0.0757804,-0.0820821,-0.0882327,-0.0942009,-0.0999613,-0.105494,-0.110784,-0.11582,-0.120596,-0.125109,-0.129358,-0.133346,-0.137078,-0.140559,-0.143798,-0.146803,-0.149585,-0.152152,-0.154516,-0.156687,-0.158676,-0.160493,-0.162149,-0.163653,-0.165013,-0.166239,-0.167338,-0.168318,-0.169185,-0.169944,-0.1706,-0.171156,-0.171617,-0.171983,-0.172256,-0.172436,-0.172522,-0.172511,-0.172401,-0.172189,-0.171868,-0.171432,-0.170875,-0.170188,-0.169362,-0.168387,-0.167251,-0.165942,-0.164447,-0.162753,-0.160844,-0.158708,-0.156328,-0.15369,-0.150779,-0.147581,-0.144084,-0.140276,-0.136148,-0.131693,-0.126907,-0.121789,-0.116344,-0.110581,-0.104514,-0.0981655,-0.0915621,-0.0847395,-0.0777409,-0.0706172,-0.0634277,-0.0562391,-0.0491258,-0.0421681,-0.0354516,-0.0290656,-0.0231011,-0.0176488,-0.0127978,-0.00863429,-0.00524158,-0.00270186,-0.00110264,0
0,-0.00108576,-0.00265176,-0.00512136,-0.00839619,-0.0123862,-0.0170043,-0.0221649,-0.0277831,-0.0337759,-0.040062,-0.0465636,-0.0532071,-0.0599242,-0.0666523,-0.0733353,-0.0799238,-0.0863748,-0.0926522,-0.098726,-0.104572,-0.110172,-0.115512,-0.120582,-0.125379,-0.1299,-0.134146,-0.138122,-0.141833,-0.145286,-0.148491,-0.151458,-0.154197,-0.15672,-0.159037,-0.16116,-0.1631,-0.164869,-0.166477,-0.167933,-0.169248,-0.170431,-0.17149,-0.172431,-0.173262,-0.173989,-0.174616,-0.175148,-0.175587,-0.175937,-0.176197,-0.176368,-0.17645,-0.17644,-0.176337,-0.176135,-0.175829,-0.175415,-0.174884,-0.174228,-0.173439,-0.172505,-0.171415,-0.170156,-0.168716,-0.16708,-0.165234,-0.163161,-0.160846,-0.158274,-0.155428,-0.152293,-0.148854,-0.145099,-0.141016,-0.136596,-0.131832,-0.126722,-0.121268,-0.115475,-0.109357,-0.102931,-0.0962233,-0.0892673,-0.0821043,-0.0747842,-0.0673657,-0.0599157,-0.0525096,-0.0452299,-0.038166,-0.031412,-0.0250661,-0.0192284,-0.0140002,-0.00948279,-0.00577755,-0.0029873,-0.00122178,0
0,-0.00118747,-0.00289564,-0.00557981,-0.00912295,-0.0134175,-0.0183608,-0.0238539,-0.0298013,-0.0361115,-0.0426972,-0.0494759,-0.0563713,-0.0633132,-0.0702383,-0.0770905,-0.0838209,-0.0903876,-0.0967557,-0.102897,-0.108789,-0.114415,-0.119763,-0.124827,-0.129603,-0.13409,-0.138293,-0.142216,-0.145868,-0.149256,-0.152392,-0.155286,-0.15795,-0.160397,-0.162638,-0.164685,-0.166551,-0.168247,-0.169784,-0.171173,-0.172424,-0.173547,-0.174549,-0.175438,-0.176222,-0.176905,-0.177495,-0.177994,-0.178406,-0.178734,-0.178978,-0.17914,-0.179218,-0.179212,-0.179117,-0.178931,-0.178648,-0.178264,-0.177769,-0.177158,-0.176419,-0.175543,-0.174517,-0.173331,-0.171969,-0.170417,-0.168659,-0.166681,-0.164464,-0.161992,-0.159248,-0.156215,-0.152876,-0.149217,-0.145224,-0.140884,-0.13619,-0.131136,-0.12572,-0.119945,-0.113821,-0.107362,-0.100593,-0.0935429,-0.0862518,-0.0787679,-0.0711488,-0.0634617,-0.055783,-0.048198,-0.0407999,-0.0336888,-0.0269709,-0.0207567,-0.0151605,-0.0102988,-0.00629119,-0.0032599,-0.00133527,0
0,-0.0012845,-0.00312864,-0.00601865,-0.00982006,-0.0144086,-0.0196662,-0.0254806,-0.0317453,-0.0383596,-0.0452295,-0.0522676,-0.0593943,-0.0665372,-0.0736324,-0.0806238,-0.0874632,-0.0941101,-0.100531,-0.106701,-0.112598,-0.118208,-0.123523,-0.128537,-0.133249,-0.137662,-0.14178,-0.145611,-0.149165,-0.15245,-0.155481,-0.158268,-0.160825,-0.163164,-0.1653,-0.167245,-0.169011,-0.17061,-0.172056,-0.173357,-0.174526,-0.175571,-0.176501,-0.177325,-0.178049,-0.178679,-0.179222,-0.179681,-0.18006,-0.180362,-0.180588,-0.180738,-0.180813,-0.180811,-0.180729,-0.180563,-0.18031,-0.179963,-0.179516,-0.17896,-0.178285,-0.177483,-0.176541,-0.175445,-0.174183,-0.17274,-0.171099,-0.169244,-0.167157,-0.164819,-0.162214,-0.159321,-0.156124,-0.152604,-0.148745,-0.144533,-0.139956,-0.135006,-0.129676,-0.123968,-0.117886,-0.111442,-0.104655,-0.0975533,-0.0901733,-0.082561,-0.0747731,-0.0668765,-0.0589489,-0.0510781,-0.0433618,-0.0359068,-0.0288278,-0.0222466,-0.0162908,-0.011093,-0.00679044,-0.00352457,-0.00144536,0
0,-0.00137846,-0.00335432,-0.00644377,-0.0104955,-0.0153688,-0.0209304,-0.0270546,-0.0336234,-0.0405267,-0.0476632,-0.0549403,-0.0622746,-0.069592,-0.0768274,-0.0839251,-0.0908379,-0.097527,-0.103961,-0.110117,-0.115976,-0.121528,-0.126765,-0.131686,-0.136291,-0.140586,-0.144578,-0.148276,-0.151692,-0.154838,-0.157727,-0.160373,-0.16279,-0.164993,-0.166994,-0.168809,-0.17045,-0.17193,-0.173262,-0.174456,-0.175524,-0.176476,-0.177319,-0.178064,-0.178717,-0.179284,-0.179771,-0.180183,-0.180524,-0.180795,-0.180999,-0.181137,-0.181208,-0.181212,-0.181145,-0.181005,-0.180787,-0.180485,-0.180094,-0.179605,-0.179008,-0.178294,-0.177451,-0.176467,-0.175327,-0.174015,-0.172517,-0.170813,-0.168887,-0.166717,-0.164286,-0.161573,-0.158557,-0.155219,-0.15154,-0.147502,-0.143092,-0.138295,-0.133103,-0.127511,-0.121521,-0.115141,-0.108385,-0.101278,-0.0938518,-0.086151,-0.0782302,-0.070156,-0.0620069,-0.0538736,-0.0458585,-0.0380751,-0.0306475,-0.0237091,-0.0174018,-0.0118744,-0.00728202,-0.00378538,-0.00155388,0
0,-0.00147073,-0.00357574,-0.00686028,-0.0111562,-0.0163064,-0.0221624,-0.0285846,-0.0354431,-0.0426183,-0.0500012,-0.0574938,-0.0650089,-0.0724702,-0.0798123,-0.0869797,-0.0939267,-0.100616,-0.107021,-0.113118,-0.118894,-0.124341,-0.129454,-0.134236,-0.138689,-0.142822,-0.146645,-0.15017,-0.153408,-0.156376,-0.159088,-0.161558,-0.163803,-0.165838,-0.167677,-0.169335,-0.170827,-0.172165,-0.173362,-0.17443,-0.175379,-0.176221,-0.176964,-0.177617,-0.178188,-0.178682,-0.179105,-0.179463,-0.179758,-0.179995,-0.180174,-0.180298,-0.180365,-0.180375,-0.180326,-0.180215,-0.180038,-0.179789,-0.179462,-0.17905,-0.178543,-0.177932,-0.177204,-0.176348,-0.17535,-0.174193,-0.172861,-0.171337,-0.169601,-0.167632,-0.165411,-0.162914,-0.16012,-0.157007,-0.153554,-0.149739,-0.145544,-0.140952,-0.13595,-0.130529,-0.124686,-0.118422,-0.11175,-0.104687,-0.0972629,-0.0895184,-0.0815059,-0.073291,-0.0649528,-0.0565846,-0.0482935,-0.0402003,-0.0324384,-0.0251537,-0.0185025,-0.0126506,-0.00777159,-0.00404574,-0.00166239,0
0,-0.00156252,-0.00379559,-0.00727269,-0.0118084,-0.0172289,-0.02337,-0.0300778,-0.0372104,-0.0446381,-0.0522443,-0.0599252,-0.0675901,-0.0751608,-0.0825715,-0.0897675,-0.096705,-0.10335,-0.109676,-0.115667,-0.121311,-0.126604,-0.131545,-0.136139,-0.140394,-0.144319,-0.147929,-0.151237,-0.154258,-0.157009,-0.159507,-0.161768,-0.163808,-0.165645,-0.167293,-0.168769,-0.170087,-0.17126,-0.172302,-0.173224,-0.174039,-0.174756,-0.175384,-0.175933,-0.17641,-0.176821,-0.177172,-0.177468,-0.177714,-0.177912,-0.178063,-0.17817,-0.178233,-0.178251,-0.178222,-0.178143,-0.178011,-0.17782,-0.177566,-0.177239,-0.176833,-0.176337,-0.17574,-0.175029,-0.174191,-0.17321,-0.172069,-0.17075,-0.169233,-0.167496,-0.165519,-0.163276,-0.160745,-0.1579,-0.154718,-0.151175,-0.147246,-0.142913,-0.138157,-0.132963,-0.127324,-0.121236,-0.114703,-0.107741,-0.100373,-0.0926358,-0.0845788,-0.0762662,-0.067777,-0.0592069,-0.0506672,-0.042286,-0.0342067,-0.0265875,-0.0196002,-0.013428,-0.0082639,-0.00430853,-0.00177217,0
0,-0.0016549,-0.00401627,-0.00768502,-0.0124576,-0.0181427,-0.0245597,-0.03154,-0.0389292,-0.0465875,-0.0543902,-0.0622281,-0.0700071,-0.0776475,-0.0850834,-0.0922616,-0.0991407,-0.10569,-0.111886,-0.117718,-0.123177,-0.128263,-0.13298,-0.137336,-0.141342,-0.145013,-0.148364,-0.151412,-0.154174,-0.15667,-0.158916,-0.160933,-0.162736,-0.164345,-0.165775,-0.167042,-0.168162,-0.169149,-0.170015,-0.170774,-0.171437,-0.172014,-0.172515,-0.172947,-0.17332,-0.173639,-0.17391,-0.174139,-0.174328,-0.174483,-0.174603,-0.174692,-0.174749,-0.174775,-0.174767,-0.174723,-0.17464,-0.174513,-0.174337,-0.174106,-0.17381,-0.17344,-0.172986,-0.172436,-0.171776,-0.17099,-0.170062,-0.168973,-0.167702,-0.166228,-0.164528,-0.162576,-0.160348,-0.157815,-0.154951,-0.151728,-0.14812,-0.144101,-0.139648,-0.134743,-0.129369,-0.123518,-0.117189,-0.11039,-0.103138,-0.0954665,-0.0874196,-0.0790592,-0.0704639,-0.0617307,-0.0529752,-0.0443322,-0.0359553,-0.0280155,-0.0207004,-0.0142117,-0.00876287,-0.00457618,-0.00188434,0
0,-0.00174888,-0.00424003,-0.00810095,-0.0131087,-0.0190533,-0.0257368,-0.0329753,-0.0406014,-0.0484648,-0.0564331,-0.0643917,-0.0722435,-0.0799078,-0.0873194,-0.0944273,-0.101193,-0.10759,-0.113599,-0.119213,-0.12443,-0.129252,-0.13369,-0.137754,-0.141461,-0.144827,-0.147872,-0.150615,-0.153076,-0.155275,-0.157234,-0.158971,-0.160506,-0.161856,-0.16304,-0.164074,-0.164973,-0.165752,-0.166424,-0.167002,-0.167497,-0.16792,-0.16828,-0.168585,-0.168844,-0.169062,-0.169246,-0.1694,-0.169529,-0.169635,-0.169722,-0.16979,-0.169841,-0.169873,-0.169887,-0.169881,-0.16985,-0.169791,-0.1697,-0.169569,-0.169392,-0.169159,-0.168861,-0.168485,-0.168018,-0.167446,-0.16675,-0.165914,-0.164916,-0.163734,-0.162343,-0.160718,-0.158831,-0.156653,-0.154153,-0.151302,-0.148068,-0.144422,-0.140334,-0.135781,-0.13074,-0.125195,-0.119139,-0.112571,-0.105504,-0.0979635,-0.0899893,-0.0816393,-0.0729906,-0.0641405,-0.0552082,-0.046335,-0.0376841,-0.0294402,-0.021807,-0.0150057,-0.00927176,-0.00485077,-0.00199986,0
0,-0.00184542,-0.00446896,-0.00852388,-0.013766,-0.0199654,-0.0269053,-0.034386,-0.0422262,-0.0502653,-0.058363,-0.0664,-0.0742767,-0.0819123,-0.0892431,-0.0962209,-0.102812,-0.108993,-0.114752,-0.120085,-0.124996,-0.129494,-0.133593,-0.137308,-0.140661,-0.143671,-0.14636,-0.148752,-0.150868,-0.152732,-0.154366,-0.155789,-0.157023,-0.158086,-0.158997,-0.159772,-0.160428,-0.160979,-0.161438,-0.161819,-0.162131,-0.162387,-0.162594,-0.162761,-0.162896,-0.163006,-0.163095,-0.163168,-0.163231,-0.163286,-0.163335,-0.16338,-0.163423,-0.163463,-0.163499,-0.16353,-0.163554,-0.163567,-0.163565,-0.163541,-0.163489,-0.163402,-0.163269,-0.163079,-0.16282,-0.162476,-0.162033,-0.161471,-0.160769,-0.159906,-0.158855,-0.157591,-0.156084,-0.154303,-0.152215,-0.149787,-0.146983,-0.143769,-0.140111,-0.135977,-0.13134,-0.126175,-0.120467,-0.114209,-0.107403,-0.100068,-0.0922386,-0.0839665,-0.0753259,-0.0664136,-0.0573511,-0.0482856,-0.0393897,-0.0308615,-0.022922,-0.015813,-0.00979324,-0.00513411,-0.0021196,0
0,-0.0019455,-0.00470519,-0.00895713,-0.0144337,-0.0208829,-0.028068,-0.035772,-0.0437998,-0.0519798,-0.0601647,-0.0682307,-0.0760768,-0.0836229,-0.0908081,-0.0975882,-0.103934,-0.109829,-0.115267,-0.12025,-0.124789,-0.128896,-0.132593,-0.135899,-0.13884,-0.141439,-0.143723,-0.145717,-0.147445,-0.148933,-0.150203,-0.151278,-0.15218,-0.152927,-0.153539,-0.154033,-0.154424,-0.154728,-0.154957,-0.155124,-0.15524,-0.155316,-0.155359,-0.155379,-0.155382,-0.155375,-0.155362,-0.15535,-0.155342,-0.155341,-0.15535,-0.15537,-0.155403,-0.155448,-0.155507,-0.155577,-0.155657,-0.155744,-0.155834,-0.155921,-0.156001,-0.156066,-0.156106,-0.156113,-0.156073,-0.155973,-0.155797,-0.155528,-0.155145,-0.154626,-0.153945,-0.153074,-0.151984,-0.150642,-0.149012,-0.147057,-0.14474,-0.14202,-0.138858,-0.135216,-0.131059,-0.126354,-0.121077,-0.115212,-0.108753,-0.101709,-0.0941061,-0.0859898,-0.0774294,-0.0685195,-0.0593825,-0.0501703,-0.0410647,-0.0322769,-0.0240458,-0.0166352,-0.0103294,-0.00542778,-0.00224433,0
0,-0.00205015,-0.00495088,-0.00940393,-0.0151155,-0.021809,-0.0292261,-0.0371313,-0.0453149,-0.053595,-0.0618171,-0.0698544,-0.0776053,-0.0849919,-0.0919572,-0.0984628,-0.104486,-0.110016,-0.115055,-0.119613,-0.123704,-0.127351,-0.130578,-0.133412,-0.135881,-0.138014,-0.139841,-0.141388,-0.142684,-0.143755,-0.144626,-0.14532,-0.145858,-0.146263,-0.146551,-0.14674,-0.146847,-0.146885,-0.146868,-0.146808,-0.146715,-0.1466,-0.14647,-0.146333,-0.146196,-0.146066,-0.145947,-0.145844,-0.14576,-0.1457,-0.145665,-0.145657,-0.145679,-0.14573,-0.14581,-0.145919,-0.146056,-0.146217,-0.146401,-0.146603,-0.146819,-0.14704,-0.147261,-0.147471,-0.14766,-0.147816,-0.147922,-0.147962,-0.147917,-0.147765,-0.147479,-0.147033,-0.146395,-0.145531,-0.144404,-0.142975,-0.141201,-0.139038,-0.136441,-0.133366,-0.129769,-0.12561,-0.120854,-0.115476,-0.109458,-0.1028,-0.095517,-0.0876463,-0.07925,-0.0704184,-0.0612733,-0.0519696,-0.0426973,-0.0336807,-0.025177,-0.0174734,-0.010882,-0.00573322,-0.00237481,0
0,-0.00216048,-0.00520833,-0.00986764,-0.0158148,-0.022746,-0.030379,-0.0384586,-0.0467602,-0.0550914,-0.0632918,-0.0712325,-0.0788131,-0.0859594,-0.0926204,-0.0987646,-0.104377,-0.109456,-0.114011,-0.11806,-0.121625,-0.124736,-0.127422,-0.129717,-0.131652,-0.133262,-0.134578,-0.135631,-0.136451,-0.137066,-0.137501,-0.137781,-0.137928,-0.137962,-0.137903,-0.137768,-0.137572,-0.137329,-0.137052,-0.136752,-0.136439,-0.136122,-0.13581,-0.13551,-0.135227,-0.134968,-0.134737,-0.134538,-0.134376,-0.134253,-0.134172,-0.134135,-0.134143,-0.134197,-0.134298,-0.134445,-0.134639,-0.134876,-0.135155,-0.135473,-0.135826,-0.136208,-0.136613,-0.137033,-0.137459,-0.137878,-0.138278,-0.138641,-0.138951,-0.139185,-0.139318,-0.139324,-0.13917,-0.138823,-0.138243,-0.137388,-0.136213,-0.13467,-0.132709,-0.130278,-0.127326,-0.123803,-0.119666,-0.114876,-0.109405,-0.103239,-0.0963813,-0.088859,-0.0807241,-0.0720602,-0.0629858,-0.0536573,-0.044271,-0.0350639,-0.0263121,-0.0183274,-0.0114521,-0.00605174,-0.00251177,0
0,-0.00227774,-0.0054801,-0.0103517,-0.0165351,-0.0236955,-0.0315244,-0.0397456,-0.0481192,-0.0564428,-0.0645516,-0.072316,-0.0796389,-0.0864521,-0.0927123,-0.0983971,-0.103501,-0.108032,-0.11201,-0.11546,-0.118415,-0.120909,-0.12298,-0.124666,-0.126005,-0.127033,-0.127786,-0.128297,-0.128598,-0.128717,-0.128682,-0.128517,-0.128245,-0.127887,-0.12746,-0.126981,-0.126466,-0.125928,-0.125378,-0.124828,-0.124285,-0.12376,-0.123259,-0.122789,-0.122355,-0.121963,-0.121616,-0.121319,-0.121075,-0.120888,-0.120758,-0.120689,-0.120682,-0.120738,-0.120858,-0.121042,-0.121291,-0.121603,-0.121977,-0.122411,-0.122902,-0.123446,-0.124038,-0.124672,-0.125338,-0.126027,-0.126728,-0.127426,-0.128103,-0.128739,-0.129312,-0.129794,-0.130154,-0.130357,-0.130364,-0.130132,-0.129611,-0.128751,-0.127496,-0.125788,-0.123568,-0.120778,-0.117362,-0.11327,-0.10846,-0.102904,-0.096592,-0.0895352,-0.0817741,-0.0733824,-0.0644724,-0.055199,-0.0457634,-0.0364138,-0.0274452,-0.0191958,-0.0120408,-0.00638464,-0.00265599,0
0,-0.00240339,-0.00576907,-0.01086,-0.0172794,-0.0246576,-0.0326572,-0.0409794,-0.0493689,-0.0576145,-0.0655483,-0.0730428,-0.0800066,-0.0863799,-0.0921298,-0.097245,-0.101732,-0.10561,-0.108908,-0.111664,-0.113917,-0.115711,-0.11709,-0.118096,-0.118774,-0.119162,-0.1193,-0.119222,-0.118962,-0.11855,-0.118012,-0.117375,-0.11666,-0.115886,-0.115073,-0.114236,-0.113388,-0.112543,-0.111711,-0.110902,-0.110124,-0.109384,-0.108689,-0.108045,-0.107457,-0.106928,-0.106464,-0.106066,-0.105738,-0.105484,-0.105304,-0.105201,-0.105177,-0.105233,-0.105371,-0.105591,-0.105893,-0.106278,-0.106746,-0.107295,-0.107923,-0.108629,-0.109407,-0.110254,-0.111163,-0.112126,-0.113133,-0.114171,-0.115225,-0.116277,-0.117304,-0.118283,-0.119181,-0.119966,-0.120597,-0.121031,-0.121216,-0.121099,-0.12062,-0.119715,-0.118317,-0.116359,-0.113773,-0.110496,-0.106473,-0.101657,-0.0960223,-0.0895637,-0.0823056,-0.074308,-0.0656731,-0.0565512,-0.0471451,-0.037713,-0.028568,-0.020076,-0.0126485,-0.00673321,-0.00280828,0
0,-0.00253913,-0.00607856,-0.0113965,-0.0180505,-0.0256313,-0.033769,-0.0421415,-0.0504781,-0.0585605,-0.0662202,-0.0733347,-0.0798216,-0.0856328,-0.0907483,-0.095171,-0.0989207,-0.10203,-0.104541,-0.106499,-0.107956,-0.108963,-0.10957,-0.109826,-0.109777,-0.109469,-0.108941,-0.10823,-0.10737,-0.106393,-0.105324,-0.104189,-0.103009,-0.101804,-0.100589,-0.0993806,-0.0981905,-0.0970301,-0.0959091,-0.0948357,-0.0938171,-0.0928597,-0.0919688,-0.0911489,-0.0904043,-0.0897384,-0.0891545,-0.0886552,-0.0882431,-0.0879204,-0.0876893,-0.0875517,-0.0875095,-0.0875641,-0.0877173,-0.0879703,-0.0883243,-0.0887801,-0.0893384,-0.0899993,-0.0907623,-0.0916263,-0.0925893,-0.0936483,-0.0947988,-0.0960349,-0.0973487,-0.0987299,-0.100166,-0.10164,-0.103134,-0.104623,-0.10608,-0.107472,-0.108759,-0.109898,-0.110837,-0.111521,-0.111885,-0.111861,-0.111375,-0.11035,-0.108707,-0.10637,-0.103266,-0.0993326,-0.094523,-0.0888122,-0.0822047,-0.0747426,-0.0665135,-0.0576584,-0.0483783,-0.0389381,-0.0296686,-0.020964,-0.0132751,-0.00709879,-0.00296959,0
0,-0.00268702,-0.00641243,-0.0119656,-0.0188507,-0.0266128,-0.0348468,-0.0432057,-0.0514047,-0.0592207,-0.0664882,-0.0730936,-0.0789673,-0.0840767,-0.0884184,-0.092012,-0.0948931,-0.0971094,-0.0987153,-0.0997697,-0.100332,-0.100463,-0.100218,-0.0996521,-0.098816,-0.097756,-0.0965145,-0.0951298,-0.093636,-0.0920634,-0.0904389,-0.0887859,-0.0871249,-0.0854736,-0.0838472,-0.0822589,-0.0807199,-0.0792397,-0.0778265,-0.0764869,-0.0752268,-0.0740511,-0.0729638,-0.0719686,-0.0710683,-0.0702658,-0.0695632,-0.0689627,-0.0684663,-0.0680759,-0.0677932,-0.0676202,-0.0675586,-0.0676102,-0.067777,-0.0680607,-0.0684632,-0.0689862,-0.0696313,-0.0703999,-0.0712929,-0.0723108,-0.0734533,-0.0747195,-0.0761072,-0.0776127,-0.0792306,-0.0809536,-0.0827715,-0.0846714,-0.0866366,-0.0886464,-0.0906754,-0.0926927,-0.0946617,-0.0965389,-0.098274,-0.0998091,-0.101079,-0.102011,-0.102524,-0.102534,-0.10195,-0.100682,-0.0986399,-0.0957419,-0.0919192,-0.0871231,-0.081334,-0.0745707,-0.0669009,-0.0584508,-0.049414,-0.0400586,-0.0307308,-0.0218535,-0.0139203,-0.00748282,-0.00314101,0
0,-0.00284953,-0.00677518,-0.012572,-0.019681,-0.0275954,-0.0358708,-0.0441353,-0.0520919,-0.0595164,-0.0662511,-0.0721958,-0.0772992,-0.0815483,-0.0849603,-0.0875743,-0.0894445,-0.0906346,-0.0912137,-0.0912525,-0.0908209,-0.0899861,-0.0888114,-0.0873558,-0.0856728,-0.0838109,-0.0818137,-0.0797195,-0.077562,-0.0753708,-0.0731713,-0.0709854,-0.0688318,-0.0667263,-0.0646823,-0.0627107,-0.060821,-0.0590206,-0.0573158,-0.0557116,-0.0542122,-0.0528208,-0.0515402,-0.0503725,-0.0493197,-0.0483832,-0.0475645,-0.0468651,-0.0462862,-0.0458292,-0.0454956,-0.0452872,-0.0452056,-0.0452529,-0.0454312,-0.0457429,-0.0461905,-0.0467764,-0.0475034,-0.048374,-0.0493906,-0.0505555,-0.0518704,-0.0533362,-0.0549533,-0.0567206,-0.0586356,-0.060694,-0.062889,-0.065211,-0.0676469,-0.0701795,-0.0727869,-0.0754416,-0.0781098,-0.0807505,-0.0833152,-0.0857464,-0.087978,-0.0899344,-0.0915309,-0.0926746,-0.0932652,-0.0931977,-0.0923658,-0.0906665,-0.0880063,-0.0843096,-0.079528,-0.0736513,-0.0667205,-0.0588399,-0.0501893,-0.0410342,-0.0317327,-0.0227357,-0.0145826,-0.00788684,-0.00332381,0
0,-0.00302962,-0.00717203,-0.0132203,-0.0205406,-0.0285666,-0.0368116,-0.0448791,-0.0524635,-0.0593447,-0.0653788,-0.070486,-0.0746386,-0.0778487,-0.0801581,-0.0816287,-0.0823353,-0.0823595,-0.0817855,-0.080696,-0.0791707,-0.0772843,-0.0751055,-0.0726967,-0.0701137,-0.0674061,-0.0646173,-0.061785,-0.0589416,-0.0561149,-0.0533283,-0.0506013,-0.0479502,-0.0453885,-0.0429269,-0.0405741,-0.038337,-0.0362208,-0.0342298,-0.0323668,-0.0306341,-0.0290333,-0.0275654,-0.0262313,-0.0250313,-0.0239661,-0.023036,-0.0222415,-0.0215834,-0.0210624,-0.0206797,-0.0204367,-0.0203352,-0.0203772,-0.0205651,-0.0209019,-0.0213904,-0.0220343,-0.0228371,-0.0238027,-0.024935,-0.0262379,-0.0277152,-0.0293702,-0.0312056,-0.0332232,-0.0354238,-0.0378063,-0.0403676,-0.0431021,-0.0460009,-0.049051,-0.0522351,-0.0555298,-0.0589056,-0.0623254,-0.0657436,-0.0691052,-0.0723448,-0.0753861,-0.0781416,-0.0805124,-0.0823893,-0.0836545,-0.0841845,-0.0838546,-0.0825452,-0.0801502,-0.0765874,-0.0718116,-0.065829,-0.0587136,-0.0506227,-0.0418116,-0.0326441,-0.0235978,-0.0152595,-0.00831242,-0.00351952,0
0,-0.00323084,-0.00760886,-0.0139146,-0.0214252,-0.029506,-0.0376257,-0.0453653,-0.0524161,-0.0585697,-0.0637042,-0.0677681,-0.0707642,-0.0727355,-0.0737527,-0.0739038,-0.0732861,-0.0720003,-0.0701455,-0.0678166,-0.0651022,-0.0620833,-0.0588328,-0.0554154,-0.0518879,-0.0482995,-0.0446925,-0.0411027,-0.0375601,-0.0340898,-0.0307123,-0.0274441,-0.0242985,-0.0212856,-0.0184134,-0.0156876,-0.0131124,-0.0106905,-0.0084235,-0.00631214,-0.00435652,-0.0025563,-0.000910805,0.000580782,0.00191933,0.00310564,0.00414035,0.00502384,0.00575623,0.00633723,0.00676616,0.00704187,0.00716273,0.0071266,0.00693079,0.00657212,0.00604686,0.00535077,0.00447918,0.00342697,0.00218872,0.000758763,-0.000868659,-0.00269923,-0.00473833,-0.00699082,-0.00946064,-0.0121505,-0.0150615,-0.0181922,-0.0215385,-0.0250926,-0.0288421,-0.0327695,-0.0368505,-0.0410531,-0.0453367,-0.0496503,-0.0539317,-0.0581061,-0.0620851,-0.0657665,-0.0690343,-0.0717596,-0.0738028,-0.0750177,-0.0752572,-0.0743821,-0.0722719,-0.0688392,-0.0640473,-0.057929,-0.0506082,-0.0423193,-0.0334239,-0.0244209,-0.0159465,-0.00876109,-0.00372991,0
0,-0.00345739,-0.00809214,-0.0146576,-0.0223242,-0.0303805,-0.038249,-0.0454932,-0.0518097,-0.0570125,-0.0610121,-0.0637946,-0.0654017,-0.0659134,-0.0654337,-0.0640794,-0.0619719,-0.059231,-0.0559707,-0.0522968,-0.0483056,-0.0440827,-0.0397035,-0.0352335,-0.0307287,-0.0262364,-0.0217963,-0.017441,-0.0131971,-0.0090858,-0.0051238,-0.00132378,0.00230481,0.00575537,0.00902351,0.0121068,0.0150042,0.0177159,0.0202431,0.0225874,0.024751,0.0267364,0.0285461,0.0301827,0.0316484,0.0329454,0.0340755,0.03504,0.0358398,0.0364754,0.0369464,0.037252,0.0373908,0.0373606,0.0371585,0.036781,0.0362238,0.0354817,0.0345493,0.0334201,0.0320873,0.0305434,0.0287806,0.0267909,0.0245662,0.0220985,0.0193804,0.0164053,0.0131679,0.00966451,0.00589418,0.001859,-0.00243486,-0.00697608,-0.0117471,-0.0167229,-0.0218692,-0.0271415,-0.0324827,-0.0378222,-0.0430738,-0.048135,-0.0528858,-0.0571888,-0.0608907,-0.0638252,-0.0658178,-0.0666941,-0.0662913,-0.0644731,-0.0611501,-0.0563025,-0.0500064,-0.0424613,-0.0340142,-0.0251776,-0.0166358,-0.00923392,-0.003957,0
0,-0.00371409,-0.00862836,-0.0154483,-0.0232171,-0.0311373,-0.038587,-0.0451209,-0.0504539,-0.0544361,-0.0570239,-0.0582525,-0.0582112,-0.0570231,-0.0548295,-0.0517783,-0.0480153,-0.0436789,-0.0388965,-0.0337831,-0.0284402,-0.0229562,-0.0174065,-0.0118553,-0.00635567,-0.000951462,0.00432201,0.00943668,0.0143708,0.019108,0.0236364,0.0279479,0.0320376,0.035903,0.0395438,0.0429613,0.0461579,0.0491369,0.0519024,0.0544588,0.0568107,0.0589627,0.0609193,0.0626848,0.0642631,0.0656577,0.0668715,0.0679068,0.0687655,0.0694485,0.0699561,0.0702878,0.0704425,0.0704177,0.0702107,0.0698174,0.0692331,0.068452,0.0674675,0.0662722,0.0648577,0.0632148,0.0613339,0.0592045,0.0568158,0.0541567,0.0512162,0.0479837,0.0444493,0.0406043,0.0364421,0.0319585,0.0271528,0.0220289,0.0165967,0.0108729,0.00488322,-0.00133595,-0.00773571,-0.0142524,-0.0208055,-0.0272956,-0.0336026,-0.0395849,-0.0450788,-0.0499006,-0.0538501,-0.0567176,-0.0582948,-0.0583909,-0.0568536,-0.0535968,-0.0486324,-0.0421064,-0.0343336,-0.025827,-0.0173138,-0.00973089,-0.00420295,0
0,-0.00400619,-0.00922304,-0.016279,-0.0240658,-0.0316928,-0.0385,-0.0440479,-0.0480885,-0.0505263,-0.05138,-0.0507465,-0.0487718,-0.0456282,-0.0414973,-0.0365585,-0.0309812,-0.0249205,-0.0185147,-0.0118848,-0.0051347,0.00164775,0.00838946,0.0150306,0.0215228,0.0278283,0.0339176,0.0397688,0.0453664,0.0506999,0.0557631,0.0605535,0.0650711,0.0693184,0.0732992,0.0770191,0.080484,0.0837009,0.0866767,0.0894187,0.091934,0.0942295,0.0963116,0.0981865,0.0998596,0.101336,0.102619,0.103713,0.10462,0.105342,0.105879,0.106232,0.1064,0.10638,0.106169,0.105763,0.105156,0.104343,0.103317,0.102067,0.100585,0.0988604,0.0968809,0.094634,0.0921062,0.0892835,0.0861514,0.082695,0.0788998,0.0747521,0.070239,0.0653498,0.0600765,0.0544147,0.0483654,0.0419358,0.0351413,0.0280078,0.0205736,0.0128921,0.00503436,-0.00290762,-0.0108186,-0.0185574,-0.0259555,-0.0328163,-0.0389178,-0.0440169,-0.0478591,-0.0501942,-0.0507982,-0.0495038,-0.0462393,-0.0410736,-0.0342653,-0.0263069,-0.0179575,-0.0102495,-0.0044697,0
0,-0.00433876,-0.00987848,-0.017129,-0.0248037,-0.0319159,-0.0377816,-0.0419908,-0.0443581,-0.0448663,-0.0436152,-0.0407773,-0.036564,-0.0312009,-0.0249111,-0.0179043,-0.0103705,-0.0024779,0.00562857,0.013826,0.0220122,0.0301034,0.0380327,0.045747,0.053206,0.0603794,0.067246,0.0737916,0.080008,0.0858917,0.0914433,0.0966663,0.101566,0.106151,0.110429,0.114411,0.118105,0.121523,0.124675,0.12757,0.130219,0.13263,0.134812,0.136774,0.13852,0.140059,0.141396,0.142534,0.143477,0.144227,0.144787,0.145155,0.145332,0.145315,0.1451,0.144685,0.144062,0.143225,0.142166,0.140875,0.139342,0.137554,0.135498,0.133158,0.13052,0.127565,0.124277,0.120635,0.116622,0.112218,0.107405,0.102163,0.0964789,0.0903382,0.0837322,0.0766576,0.0691179,0.0611265,0.0527082,0.043903,0.0347687,0.0253847,0.015856,0.00631679,-0.00306604,-0.0120904,-0.0205185,-0.0280788,-0.0344733,-0.0393905,-0.0425272,-0.043621,-0.0424944,-0.0391108,-0.0336395,-0.026522,-0.0185278,-0.0107823,-0.00475825,0
0,-0.0047153,-0.0105893,-0.017954,-0.0253167,-0.0316012,-0.0361266,-0.0385478,-0.0387766,-0.0369033,-0.0331298,-0.0277173,-0.0209494,-0.0131066,-0.0044514,0.00478048,0.0143834,0.0241825,0.0340317,0.043812,0.0534277,0.062804,0.0718836,0.0806239,0.0889949,0.0969768,0.104558,0.111733,0.118504,0.124874,0.130851,0.136446,0.14167,0.146536,0.151059,0.155251,0.159128,0.162703,0.16599,0.169,0.171747,0.174242,0.176495,0.178516,0.180313,0.181893,0.183264,0.18443,0.185395,0.186163,0.186735,0.187112,0.187293,0.187277,0.18706,0.186637,0.186003,0.185151,0.184071,0.182753,0.181185,0.179354,0.177245,0.17484,0.172123,0.169072,0.165667,0.161885,0.157704,0.153097,0.148042,0.142513,0.136487,0.129941,0.122856,0.115217,0.107014,0.0982472,0.088925,0.0790706,0.0687243,0.0579482,0.0468306,0.0354913,0.024087,0.0128162,0.00192295,-0.00830193,-0.0175234,-0.0253715,-0.0314608,-0.0354213,-0.0369474,-0.0358635,-0.0322073,-0.0263243,-0.0189576,-0.0113115,-0.00506693,0
0,-0.00513449,-0.0113333,-0.0186663,-0.0254121,-0.0304281,-0.0330835,-0.0331496,-0.0306805,-0.0259069,-0.0191538,-0.0107819,-0.00114925,0.00941158,0.0206052,0.0321777,0.0439167,0.0556487,0.0672345,0.0785658,0.0895596,0.100155,0.110308,0.119991,0.129186,0.137887,0.146092,0.153809,0.161047,0.16782,0.174142,0.180032,0.185508,0.190588,0.195291,0.199636,0.20364,0.20732,0.210694,0.213776,0.216582,0.219124,0.221415,0.223465,0.225285,0.226884,0.228268,0.229443,0.230415,0.231187,0.231762,0.23214,0.232321,0.232304,0.232084,0.231658,0.231019,0.230159,0.22907,0.22774,0.226156,0.224304,0.222167,0.219727,0.216965,0.213857,0.21038,0.206507,0.202212,0.197466,0.192237,0.186495,0.180207,0.173344,0.165875,0.157773,0.149015,0.139583,0.129469,0.118677,0.107226,0.0951547,0.0825289,0.0694456,0.0560415,0.0424999,0.029058,0.016013,0.00372424,-0.00738943,-0.0168631,-0.0242133,-0.028986,-0.0308301,-0.0295996,-0.0254811,-0.0191318,-0.0117998,-0.00538786,0
0,-0.00558325,-0.0120546,-0.0191009,-0.0247666,-0.0278967,-0.0279855,-0.0249922,-0.0191672,-0.0109166,-0.000705776,0.0110011,0.0237764,0.0372453,0.0510916,0.0650561,0.0789318,0.0925575,0.105811,0.118601,0.130866,0.142563,0.153667,0.164167,0.174062,0.183358,0.192069,0.200212,0.207808,0.214879,0.221449,0.227543,0.233184,0.238398,0.243207,0.247635,0.251703,0.255431,0.258839,0.261945,0.264764,0.267314,0.269606,0.271654,0.273468,0.275058,0.276433,0.277599,0.278561,0.279324,0.279891,0.280262,0.280437,0.280416,0.280194,0.279767,0.279129,0.278271,0.277185,0.275858,0.274277,0.272428,0.270291,0.267848,0.265077,0.261955,0.258453,0.254544,0.250197,0.245378,0.240052,0.234182,0.227728,0.220651,0.21291,0.204467,0.195283,0.185326,0.174568,0.162991,0.150588,0.137373,0.123381,0.108678,0.0933696,0.0776109,0.0616161,0.0456703,0.0301382,0.0154694,0.00219475,-0.00909211,-0.0177765,-0.0232974,-0.0252647,-0.0236228,-0.0188515,-0.0121715,-0.00569947,0
0,-0.00602185,-0.0126288,-0.0189537,-0.0228413,-0.0232286,-0.0198498,-0.0129436,-0.00301713,0.00931895,0.0234517,0.0388213,0.0549461,0.0714282,0.08795,0.104265,0.120188,0.135582,0.150354,0.16444,0.177803,0.190426,0.202306,0.213451,0.223879,0.233612,0.242678,0.251105,0.258926,0.266171,0.272873,0.279063,0.284771,0.290028,0.29486,0.299294,0.303355,0.307067,0.31045,0.313526,0.316312,0.318825,0.32108,0.32309,0.324868,0.326423,0.327765,0.3289,0.329836,0.330575,0.331122,0.331478,0.331643,0.331615,0.331391,0.330966,0.330335,0.32949,0.328419,0.327112,0.325555,0.323732,0.321625,0.319213,0.316473,0.313381,0.309906,0.30602,0.301687,0.29687,0.291531,0.285626,0.27911,0.271936,0.264053,0.25541,0.245958,0.235645,0.224426,0.212257,0.199108,0.18496,0.169812,0.153694,0.136667,0.118845,0.1004,0.0815814,0.0627338,0.0443088,0.0268763,0.0111205,-0.00218653,-0.01225,-0.0183743,-0.0201587,-0.0177711,-0.012277,-0.00595074,0
0,-0.00635212,-0.0127955,-0.0176707,-0.0187401,-0.0152162,-0.00723524,0.00457605,0.0194004,0.0364094,0.0548552,0.0741085,0.0936642,0.113132,0.13222,0.150719,0.168481,0.185413,0.201458,0.21659,0.230803,0.244111,0.256534,0.268104,0.278857,0.288831,0.298069,0.306612,0.314501,0.321777,0.328478,0.334643,0.340307,0.345504,0.350266,0.354623,0.358601,0.362227,0.365524,0.368514,0.371215,0.373646,0.375823,0.37776,0.379469,0.380961,0.382245,0.38333,0.384221,0.384923,0.385439,0.385771,0.385919,0.385883,0.385657,0.385239,0.384622,0.383799,0.382758,0.381488,0.379976,0.378206,0.376158,0.373812,0.371145,0.36813,0.364737,0.360935,0.356687,0.351953,0.346691,0.340854,0.334391,0.327248,0.319368,0.310689,0.301147,0.290677,0.279214,0.266693,0.253054,0.238247,0.222232,0.204992,0.18654,0.166929,0.146272,0.124758,0.102677,0.0804424,0.0586203,0.0379438,0.0193128,0.0037547,-0.00768219,-0.0141379,-0.0152865,-0.0118232,-0.00602813,0
0,-0.0063493,-0.0120247,-0.0142489,-0.0109781,-0.00199542,0.0119526,0.0297465,0.0502327,0.0723868,0.0953715,0.118539,0.141411,0.163645,0.185012,0.205363,0.224614,0.242723,0.259686,0.275519,0.290254,0.303933,0.316608,0.328331,0.339158,0.349143,0.358341,0.366804,0.374584,0.381728,0.388282,0.394289,0.399788,0.404817,0.40941,0.413599,0.417415,0.420882,0.424027,0.426872,0.429437,0.431739,0.433797,0.435623,0.437231,0.438632,0.439835,0.440848,0.441677,0.442327,0.442802,0.443103,0.44323,0.443182,0.442957,0.44255,0.441954,0.441163,0.440166,0.438953,0.437508,0.435816,0.43386,0.431617,0.429065,0.426177,0.422923,0.41927,0.41518,0.410614,0.405526,0.399866,0.39358,0.38661,0.37889,0.370352,0.360922,0.350521,0.339066,0.326473,0.312655,0.297528,0.281014,0.263046,0.243579,0.222598,0.200136,0.176295,0.151273,0.125399,0.099173,0.0733071,0.0487621,0.0267515,0.0086825,-0.00402762,-0.0103365,-0.0102361,-0.0056852,0
0,-0.00551406,-0.00924766,-0.00687896,0.0028928,0.0192841,0.0407161,0.0655193,0.0922432,0.119749,0.1472,0.174012,0.1998,0.224324,0.247453,0.269129,0.289345,0.308129,0.325533,0.341619,0.35646,0.370131,0.382707,0.394264,0.404873,0.414604,0.423523,0.431692,0.439167,0.446004,0.452252,0.457958,0.463164,0.467909,0.47223,0.47616,0.479729,0.482965,0.485892,0.488533,0.490908,0.493036,0.494933,0.496613,0.498089,0.499371,0.500469,0.501391,0.502142,0.502728,0.503151,0.503413,0.503516,0.503456,0.503233,0.502842,0.502276,0.50153,0.500592,0.499453,0.498098,0.496514,0.494681,0.492579,0.490187,0.487476,0.484419,0.480982,0.477129,0.472818,0.468004,0.462636,0.456659,0.450009,0.442621,0.434418,0.425319,0.415236,0.404073,0.391727,0.378089,0.363046,0.346481,0.32828,0.308337,0.286561,0.262895,0.23733,0.209937,0.180907,0.150597,0.119605,0.0888348,0.0595721,0.033506,0.0126392,-0.00105117,-0.0063901,-0.00439071,0
0,-0.00274635,-0.00231893,0.00769003,0.0268705,0.0529132,0.0832656,0.115782,0.148872,0.181449,0.212819,0.242572,0.270496,0.296507,0.320607,0.342852,0.363324,0.382128,0.39937,0.415163,0.429614,0.442828,0.454903,0.465931,0.475999,0.485187,0.493567,0.501208,0.508173,0.514517,0.520294,0.525551,0.530333,0.534677,0.538623,0.5422,0.545441,0.548371,0.551015,0.553395,0.555531,0.557439,0.559137,0.560636,0.56195,0.563089,0.564061,0.564873,0.565532,0.566041,0.566405,0.566624,0.566699,0.566628,0.566411,0.566041,0.565515,0.564825,0.563963,0.562918,0.561678,0.560229,0.558553,0.556631,0.554443,0.551962,0.549162,0.54601,0.542472,0.538506,0.53407,0.529113,0.523579,0.517407,0.510528,0.502865,0.494332,0.484837,0.474274,0.462528,0.449474,0.434975,0.418884,0.401044,0.381291,0.359464,0.335407,0.308991,0.280132,0.248834,0.21524,0.179711,0.142936,0.10607,0.0708737,0.0398015,0.0158628,0.00193266,-0.000995002,0
0,0.00439081,0.0130721,0.0352556,0.0673757,0.105186,0.145306,0.185441,0.22419,0.260777,0.294837,0.326254,0.355062,0.381377,0.405357,0.427175,0.447007,0.465025,0.48139,0.496252,0.509748,0.522004,0.533134,0.543242,0.552421,0.560758,0.568328,0.575202,0.581443,0.587107,0.592247,0.596909,0.601136,0.604966,0.608434,0.61157,0.614403,0.616959,0.619259,0.621325,0.623173,0.624822,0.626284,0.627573,0.628698,0.629671,0.630498,0.631186,0.63174,0.632165,0.632462,0.632634,0.632681,0.632602,0.632394,0.632055,0.631579,0.63096,0.630191,0.629261,0.62816,0.626874,0.625389,0.623688,0.621749,0.619551,0.617068,0.61427,0.611126,0.607598,0.603644,0.599218,0.594267,0.588732,0.582546,0.575634,0.567913,0.559288,0.549652,0.538886,0.526856,0.513411,0.498383,0.481585,0.46281,0.441835,0.418417,0.39231,0.36327,0.331087,0.295629,0.256913,0.215226,0.17131,0.126619,0.0836411,0.0461689,0.0191193,0.00702109,0
0,0.0213902,0.0455901,0.0859994,0.134417,0.184948,0.234148,0.280283,0.322638,0.361065,0.395702,0.426821,0.454739,0.47978,0.502247,0.522419,0.540547,0.556853,0.571533,0.584761,0.59669,0.607455,0.617175,0.625956,0.633892,0.641067,0.647556,0.653425,0.658734,0.663536,0.66788,0.671807,0.675358,0.678565,0.681462,0.684074,0.686429,0.688547,0.690449,0.692152,0.693674,0.695026,0.696224,0.697275,0.698191,0.698979,0.699647,0.700199,0.70064,0.700973,0.701202,0.701326,0.701347,0.701263,0.701073,0.700773,0.70036,0.699827,0.699168,0.698375,0.697439,0.696348,0.695088,0.693646,0.692003,0.69014,0.688034,0.685661,0.682991,0.679991,0.676625,0.672851,0.668622,0.663884,0.658577,0.652633,0.645973,0.638508,0.630138,0.620747,0.610203,0.598354,0.585028,0.570023,0.553113,0.534032,0.512482,0.488122,0.460575,0.429431,0.394269,0.354703,0.310468,0.261595,0.208711,0.153561,0.0997906,0.0538617,0.0252949,0
0,0.0610225,0.112581,0.177248,0.242771,0.303723,0.358307,0.406366,0.448402,0.485118,0.517229,0.545382,0.570139,0.591977,0.611299,0.628442,0.64369,0.657283,0.669425,0.680289,0.690026,0.698762,0.70661,0.713666,0.720015,0.725733,0.730883,0.735525,0.73971,0.743483,0.746885,0.749953,0.752718,0.75521,0.757454,0.759473,0.761287,0.762916,0.764374,0.765678,0.766838,0.767868,0.768776,0.769572,0.770262,0.770854,0.771352,0.771762,0.772085,0.772326,0.772485,0.772565,0.772564,0.772483,0.772319,0.77207,0.771733,0.771303,0.770775,0.770143,0.769397,0.768531,0.767532,0.766389,0.765088,0.763613,0.761945,0.760064,0.757946,0.755566,0.752891,0.749889,0.74652,0.742739,0.738496,0.733733,0.728382,0.722369,0.715606,0.70799,0.699405,0.689712,0.678751,0.666334,0.652237,0.636195,0.617891,0.596949,0.572916,0.545252,0.513319,0.476371,0.433581,0.384105,0.327281,0.263099,0.19325,0.123283,0.0668466,0
0,0.154526,0.248099,0.336583,0.412047,0.474496,0.525964,0.568613,0.604261,0.634335,0.659935,0.681901,0.700883,0.717388,0.731817,0.744488,0.75566,0.765544,0.774312,0.782111,0.789062,0.795268,0.800817,0.805786,0.81024,0.814235,0.817822,0.821044,0.823941,0.826544,0.828885,0.830989,0.832881,0.834582,0.836109,0.83748,0.838709,0.839809,0.840793,0.841669,0.842447,0.843135,0.843741,0.844269,0.844726,0.845115,0.845441,0.845705,0.845913,0.846063,0.846158,0.846199,0.846185,0.846116,0.84599,0.845807,0.845562,0.845254,0.844878,0.84443,0.843904,0.843293,0.842591,0.841788,0.840874,0.839839,0.838668,0.837348,0.835861,0.834188,0.832307,0.830194,0.827819,0.82515,0.822151,0.818777,0.814981,0.810705,0.805882,0.800436,0.794276,0.787294,0.779365,0.770336,0.760023,0.748204,0.734604,0.718885,0.70062,0.679272,0.654149,0.624363,0.588754,0.545818,0.49363,0.429874,0.352259,0.260365,0.163189,0
0,0.384705,0.514616,0.601345,0.662455,0.707333,0.741507,0.768322,0.789879,0.80755,0.822265,0.834676,0.845254,0.854349,0.862224,0.869083,0.875089,0.880369,0.885028,0.889151,0.892809,0.896062,0.898959,0.901543,0.903852,0.905917,0.907765,0.90942,0.910903,0.912233,0.913425,0.914494,0.915453,0.916313,0.917083,0.917773,0.918389,0.91894,0.919431,0.919867,0.920253,0.920594,0.920892,0.921152,0.921375,0.921564,0.921721,0.921847,0.921944,0.922012,0.922053,0.922065,0.92205,0.922007,0.921935,0.921833,0.9217,0.921534,0.921333,0.921095,0.920817,0.920495,0.920125,0.919703,0.919223,0.918679,0.918065,0.917372,0.916591,0.915712,0.914724,0.913612,0.912362,0.910956,0.909373,0.907591,0.905581,0.903314,0.900753,0.897853,0.894565,0.890827,0.886567,0.881697,0.876109,0.86967,0.862211,0.853522,0.843328,0.831269,0.816862,0.799441,0.778067,0.751365,0.717245,0.672395,0.611312,0.52445,0.396031,0
1,1,1,1,1,1,1,1,1,1,1,1,1,1,1,1,1,1,1,1,1,1,1,1,1,1,1,1,1,1,1,1,1,1,1,1,1,1,1,1,1,1,1,1,1,1,1,1,1,1,1,1,1,1,1,1,1,1,1,1,1,1,1,1,1,1,1,1,1,1,1,1,1,1,1,1,1,1,1,1,1,1,1,1,1,1,1,1,1,1,1,1,1,1,1,1,1,1,1,1
